ID,Warehouse_block,Mode_of_Shipment,Customer_care_calls,Customer_rating,Cost_of_the_Product,Prior_purchases,Product_importance,Gender,Discount_offered,Weight_in_gms,Reached.on.Time_Y.N
1,C,Flight,2,5,306,6,high,M,45,3838,1
2,F,Ship,7,2,114,3,high,M,35,2710,1
3,B,Ship,7,2,215,7,medium,F,44,4152,0
4,A,Road,5,3,126,5,medium,M,54,2245,0
5,F,Ship,3,5,113,3,medium,M,43,1806,1
6,F,Road,5,1,252,2,low,F,60,1866,1
7,D,Flight,5,1,235,3,medium,M,42,2947,0
8,B,Road,2,3,114,4,high,F,10,2066,0
9,C,Flight,2,4,240,4,high,F,2,2610,1
10,C,Ship,2,1,122,9,medium,M,41,5549,0
11,D,Road,6,3,198,7,high,M,55,3469,1
12,F,Ship,5,5,206,8,medium,F,64,5268,0
13,A,Ship,5,4,209,2,low,M,10,5135,1
14,D,Flight,6,1,151,8,high,F,8,3738,0
15,A,Ship,4,2,221,8,medium,F,64,2940,0
16,C,Ship,4,1,244,9,medium,M,53,1901,0
17,F,Ship,6,1,225,8,high,F,40,3810,0
18,D,Road,2,2,252,10,low,M,2,4149,0
19,A,Road,4,4,256,2,high,F,16,2046,1
20,C,Flight,5,4,254,7,low,F,30,1931,0
21,F,Road,7,5,96,4,low,M,11,1055,0
22,D,Road,3,2,181,8,high,M,32,4590,0
23,C,Ship,3,2,155,7,low,M,30,5217,0
24,A,Flight,3,4,147,8,high,M,29,2096,0
25,A,Road,5,1,217,6,low,M,15,1383,0
26,B,Flight,4,2,98,10,medium,F,35,4867,1
27,A,Road,7,4,229,4,high,F,61,5969,1
28,A,Road,3,3,281,7,high,M,30,2847,1
29,C,Road,4,5,219,9,high,F,20,3278,1
30,D,Flight,5,3,228,4,low,M,36,1783,1
31,A,Road,4,1,107,4,high,M,56,2992,1
32,D,Flight,6,2,171,3,low,F,51,3023,1
33,A,Flight,4,5,113,6,medium,F,47,1483,0
34,F,Flight,3,1,198,8,medium,M,24,1664,0
35,A,Ship,3,2,277,9,low,F,55,2356,1
36,A,Ship,7,3,185,4,high,F,52,2574,1
37,F,Ship,3,1,302,6,medium,M,48,5616,1
38,B,Road,5,1,242,2,low,M,52,3130,1
39,B,Flight,5,2,300,9,high,M,4,2957,0
40,D,Flight,4,2,123,5,low,M,29,4738,0
41,F,Ship,6,2,258,4,medium,F,53,5449,0
42,D,Ship,4,3,191,8,high,M,41,4834,1
43,D,Road,2,5,179,8,medium,M,63,5068,0
44,A,Flight,5,4,209,5,medium,M,5,4607,1
45,D,Flight,2,2,299,5,low,F,4,1986,0
46,B,Ship,4,4,268,5,low,F,48,5867,1
47,A,Ship,5,4,250,6,medium,F,4,1310,0
48,C,Ship,2,1,221,10,medium,M,43,3183,1
49,B,Flight,7,1,291,2,medium,M,27,4501,0
50,A,Flight,7,1,200,4,medium,M,11,2728,1
51,A,Flight,3,1,284,4,low,F,45,1442,0
52,F,Ship,2,4,194,10,high,F,61,3912,1
53,F,Flight,4,1,135,2,low,M,23,3147,1
54,D,Ship,2,2,286,6,medium,M,4,2506,0
55,C,Ship,2,4,119,4,high,F,5,2809,1
56,F,Ship,5,5,204,7,high,M,25,2856,0
57,F,Ship,5,5,227,7,high,F,12,1915,0
58,D,Ship,6,3,288,3,medium,F,29,1979,1
59,D,Ship,5,2,279,8,medium,F,53,5933,1
60,F,Ship,3,1,112,10,high,F,3,4578,1
61,A,Ship,7,2,181,6,medium,M,39,2604,0
62,D,Road,2,5,302,5,high,F,10,4381,1
63,A,Ship,3,5,211,4,low,F,61,4971,1
64,B,Road,7,3,296,8,low,F,22,4070,0
65,F,Ship,5,3,179,9,medium,M,46,4833,1
66,C,Ship,6,4,200,4,medium,M,8,1722,0
67,F,Flight,5,3,184,2,low,F,37,1046,0
68,D,Road,2,5,136,10,medium,F,42,4609,0
69,B,Road,2,1,251,10,high,F,15,1664,1
70,B,Ship,6,4,167,7,low,M,35,2094,0
71,A,Flight,3,5,119,10,medium,F,40,1260,1
72,D,Ship,2,1,245,5,high,M,34,3670,0
73,B,Flight,4,4,121,2,medium,M,7,3883,1
74,B,Ship,6,3,291,4,high,F,42,2494,0
75,A,Ship,5,3,210,6,low,M,63,4955,1
76,D,Flight,3,1,99,6,high,M,61,5699,1
77,D,Flight,6,3,111,2,low,F,30,1959,1
78,D,Flight,7,3,183,3,low,F,24,1899,1
79,A,Ship,3,4,126,7,high,M,4,1719,0
80,A,Ship,3,1,215,9,high,F,27,4605,1
81,F,Flight,4,4,138,5,medium,M,52,3936,0
82,A,Ship,6,4,153,10,high,F,24,4579,1
83,D,Ship,5,5,281,2,medium,M,33,3875,0
84,D,Road,6,1,161,6,low,M,49,1094,0
85,C,Road,5,1,259,10,high,M,36,4769,0
86,C,Road,7,2,284,7,medium,M,25,3832,0
87,A,Ship,5,3,285,10,medium,M,19,5616,0
88,F,Flight,2,1,217,4,high,M,16,2844,1
89,F,Road,3,2,135,5,low,F,20,4592,1
90,D,Ship,7,4,179,5,medium,M,6,4658,1
91,D,Flight,7,1,106,6,low,M,18,5191,0
92,A,Road,2,4,259,10,high,F,12,4479,1
93,A,Flight,2,3,155,10,high,F,56,2833,1
94,C,Flight,5,5,194,4,medium,F,36,1065,1
95,A,Ship,4,1,162,8,medium,F,60,4154,0
96,C,Ship,4,1,259,2,low,F,60,2857,1
97,D,Ship,2,2,146,4,low,F,4,5084,1
98,B,Flight,3,3,177,3,high,M,57,3451,0
99,D,Ship,6,2,123,4,high,F,32,3431,0
100,A,Ship,7,1,209,2,high,F,57,5639,1
101,B,Flight,6,2,250,3,high,F,10,3519,1
102,B,Ship,6,5,201,8,low,F,15,1210,0
103,D,Flight,2,5,134,8,medium,M,13,1560,1
104,B,Road,3,4,144,9,low,M,26,1842,1
105,A,Ship,3,5,252,6,high,M,19,1887,1
106,D,Ship,4,5,237,3,low,M,29,4225,1
107,F,Ship,7,5,294,5,low,M,31,2687,0
108,F,Flight,6,5,285,9,low,M,47,3288,1
109,F,Flight,3,5,117,4,high,M,22,5810,1
110,C,Road,3,2,292,9,low,F,60,5430,1
111,B,Flight,4,5,96,8,medium,M,25,5324,1
112,D,Flight,5,1,138,5,high,M,7,2177,0
113,C,Ship,4,3,102,10,medium,M,41,4391,1
114,B,Flight,7,2,268,10,medium,M,14,3407,1
115,F,Road,2,3,273,3,high,F,45,2397,0
116,C,Flight,4,2,228,8,high,M,39,4599,1
117,B,Road,5,5,172,3,low,M,42,2260,0
118,F,Flight,7,5,126,6,medium,M,34,2916,0
119,F,Road,2,3,300,10,low,F,64,5485,0
120,D,Flight,5,5,284,6,high,F,61,2019,0
121,D,Ship,3,1,164,2,high,M,10,4142,0
122,D,Road,3,3,204,7,low,M,5,1324,1
123,C,Road,7,1,221,7,low,F,17,4765,1
124,F,Road,7,3,102,4,low,F,12,1934,1
125,F,Flight,7,2,211,9,high,F,24,2900,1
126,B,Road,4,5,286,4,low,M,1,1850,0
127,F,Flight,2,3,164,5,low,M,63,4514,0
128,B,Flight,7,5,165,5,low,F,38,4081,0
129,D,Flight,5,4,111,2,high,F,5,3491,0
130,A,Flight,4,1,209,9,low,F,17,2076,1
131,C,Flight,2,3,155,6,low,M,18,2829,0
132,C,Flight,5,5,235,3,high,M,47,2604,1
133,C,Flight,3,5,118,9,medium,F,60,1965,0
134,F,Road,3,5,213,8,low,M,40,1562,1
135,A,Road,6,5,154,2,medium,M,6,2377,1
136,C,Flight,7,5,281,10,low,M,33,2390,0
137,D,Ship,6,3,157,5,medium,M,49,3447,0
138,B,Road,2,4,276,2,high,F,50,2826,1
139,F,Ship,5,1,227,8,high,M,56,1106,0
140,F,Flight,4,3,226,9,low,M,62,1561,0
141,F,Flight,7,5,156,7,high,M,57,3959,1
142,D,Flight,7,2,300,6,low,F,23,4994,0
143,D,Ship,2,5,130,2,low,M,5,3084,0
144,F,Road,5,3,157,7,high,M,28,4245,1
145,F,Road,6,3,221,9,low,F,46,2783,0
146,B,Road,5,3,105,7,medium,F,46,4308,1
147,A,Ship,2,1,210,10,high,F,46,3801,1
148,C,Road,6,1,170,6,low,M,36,2237,0
149,D,Flight,3,3,229,10,medium,F,50,5124,1
150,A,Road,6,1,107,8,medium,M,27,2693,1
151,B,Road,4,4,111,3,medium,M,16,5346,0
152,D,Road,3,5,296,8,low,M,52,3953,0
153,F,Road,5,2,136,6,medium,F,12,1566,1
154,D,Ship,5,3,93,7,high,M,31,1257,1
155,D,Road,2,2,144,8,high,M,51,4302,0
156,B,Ship,2,4,241,4,high,M,34,5305,0
157,B,Flight,3,2,112,9,medium,F,38,1684,0
158,F,Road,7,5,290,3,high,M,13,5347,1
159,B,Flight,7,1,265,3,low,M,44,4930,0
160,F,Flight,7,2,161,4,high,F,60,3935,1
161,A,Road,4,3,244,7,medium,F,3,2248,0
162,B,Road,4,1,143,3,high,F,44,1812,1
163,F,Flight,4,5,186,6,medium,F,61,4833,0
164,F,Road,6,3,270,5,low,F,22,5591,0
165,A,Flight,2,5,218,4,medium,M,55,1044,0
166,F,Flight,7,2,100,4,low,F,34,2027,1
167,A,Ship,3,3,276,7,high,F,41,4859,0
168,D,Road,7,3,187,9,high,F,40,2814,0
169,B,Flight,3,5,301,8,high,M,40,1791,1
170,C,Flight,2,5,294,4,low,F,36,4187,0
171,D,Road,2,2,255,4,high,M,8,5105,1
172,F,Road,2,1,254,4,high,M,51,4526,1
173,C,Flight,2,2,165,4,medium,F,56,3262,1
174,B,Ship,6,2,172,3,low,M,2,1753,1
175,D,Flight,4,2,214,6,medium,F,3,2955,0
176,F,Ship,3,1,281,6,low,F,49,3527,0
177,A,Road,5,3,138,4,medium,M,36,3542,0
178,D,Ship,5,3,288,8,medium,M,4,3031,0
179,F,Road,3,4,162,8,low,M,42,3007,1
180,F,Ship,6,3,123,6,low,M,40,1139,1
181,D,Road,5,1,238,9,medium,M,25,1830,0
182,F,Ship,5,1,273,8,high,M,34,4362,1
183,C,Road,3,4,150,8,medium,F,8,3206,0
184,C,Flight,6,5,221,3,high,F,53,1392,0
185,B,Flight,5,1,152,6,high,F,51,1190,1
186,C,Ship,7,1,208,7,high,F,12,4245,1
187,C,Road,6,5,228,10,medium,M,23,4755,0
188,D,Road,7,4,116,6,medium,M,26,2771,0
189,D,Flight,4,5,271,4,medium,F,17,3570,1
190,D,Flight,2,2,207,9,low,F,15,4309,0
191,B,Ship,7,3,269,9,medium,F,18,4241,0
192,C,Flight,7,3,97,7,low,M,53,1074,0
193,D,Flight,4,5,254,6,low,F,29,4383,0
194,C,Ship,4,2,97,3,low,M,13,2847,0
195,F,Flight,2,1,235,5,medium,F,28,4956,0
196,D,Flight,4,1,184,5,medium,M,41,3546,1
197,F,Road,3,2,279,8,medium,M,55,3108,1
198,B,Flight,7,3,109,2,high,F,1,5914,0
199,C,Flight,7,1,208,7,low,M,45,3789,0
200,F,Flight,3,4,232,5,low,M,5,3477,1
201,B,Ship,2,2,264,9,high,M,11,3802,1
202,C,Road,6,1,258,8,medium,M,34,2242,1
203,B,Flight,3,1,214,5,low,M,24,1005,1
204,C,Flight,5,2,231,9,low,M,12,5045,0
205,C,Ship,5,5,110,8,high,F,5,3206,1
206,A,Ship,6,1,256,2,high,M,19,1441,1
207,F,Road,7,1,308,10,low,F,31,1831,0
208,D,Ship,2,3,306,10,high,F,33,4126,1
209,C,Flight,5,1,126,2,high,F,60,2353,0
210,B,Ship,2,5,122,5,low,F,32,2365,0
211,D,Road,3,2,262,7,medium,M,40,3775,1
212,B,Flight,5,1,226,10,high,F,10,5003,1
213,C,Road,6,3,119,3,low,M,18,3396,0
214,C,Flight,2,4,94,7,high,F,23,2432,1
215,A,Ship,2,2,261,3,medium,M,23,3602,0
216,B,Flight,7,3,179,5,medium,F,61,3778,1
217,C,Flight,7,1,172,7,high,M,49,3789,0
218,A,Flight,5,5,299,3,low,F,40,5627,0
219,D,Flight,4,3,172,2,high,F,15,5811,0
220,A,Ship,5,5,162,2,high,F,6,2433,1
221,D,Ship,4,5,101,2,medium,M,32,1972,0
222,B,Road,2,2,128,8,low,F,50,4101,1
223,F,Road,5,3,204,5,medium,M,15,1698,0
224,D,Flight,4,3,308,7,medium,F,55,1355,1
225,D,Flight,5,5,180,7,low,F,10,3780,1
226,A,Ship,6,4,239,2,low,F,22,2100,0
227,D,Flight,5,4,288,6,high,F,1,4877,1
228,A,Ship,2,2,205,10,medium,F,37,3053,1
229,B,Ship,5,1,98,2,medium,F,12,3977,0
230,C,Flight,4,3,182,10,low,F,13,3219,1
231,C,Road,2,2,260,10,low,F,23,2200,1
232,C,Flight,5,2,256,8,high,F,9,1510,0
233,B,Ship,3,2,307,5,high,F,64,1345,0
234,D,Ship,3,4,216,3,low,M,41,5404,1
235,F,Flight,3,5,206,10,medium,F,45,4223,1
236,D,Road,4,3,94,10,medium,M,49,4297,0
237,F,Road,5,4,174,8,low,F,22,2069,0
238,A,Road,4,1,164,4,high,F,6,1039,0
239,B,Flight,5,5,296,9,medium,F,33,1630,1
240,C,Flight,3,4,223,4,medium,M,54,2054,1
241,F,Flight,4,3,273,3,medium,F,40,1643,0
242,D,Flight,4,1,110,3,low,F,29,2892,0
243,C,Ship,2,4,150,9,high,F,59,4370,0
244,C,Road,2,1,236,8,low,F,63,4797,0
245,D,Ship,4,1,120,5,low,F,58,4148,0
246,B,Road,3,1,200,9,high,M,40,2668,1
247,F,Ship,7,4,231,10,high,M,4,4504,1
248,D,Road,5,2,105,7,low,F,15,4766,0
249,F,Road,6,2,166,2,medium,M,30,2330,1
250,C,Flight,3,5,226,3,low,F,10,4086,0
251,B,Ship,4,3,187,4,high,F,31,1658,0
252,A,Flight,4,5,103,6,low,F,49,3199,0
253,A,Ship,7,1,142,6,medium,F,1,3624,1
254,D,Flight,7,5,261,5,medium,F,14,5776,0
255,A,Ship,2,3,107,8,high,M,41,1048,1
256,D,Ship,7,5,107,2,medium,F,16,2182,0
257,A,Ship,2,5,165,5,high,F,3,5033,1
258,F,Road,2,3,214,2,high,F,42,3848,1
259,D,Ship,4,2,193,7,high,F,25,5724,0
260,C,Flight,5,3,92,7,high,M,29,1419,1
261,D,Flight,4,1,109,9,high,M,44,2047,1
262,A,Road,6,2,161,5,low,M,1,2266,1
263,F,Flight,3,3,134,6,high,F,49,1762,1
264,A,Road,7,4,169,5,medium,M,18,5026,1
265,B,Ship,5,1,178,4,medium,M,55,5509,0
266,C,Road,3,4,204,9,medium,F,24,3246,0
267,F,Flight,6,3,304,10,high,M,20,1892,1
268,F,Flight,3,3,142,10,medium,M,3,1404,0
269,D,Flight,3,1,229,3,high,F,4,3884,0
270,D,Ship,2,2,109,8,medium,M,4,1887,0
271,D,Ship,3,5,132,2,medium,F,15,2896,0
272,C,Flight,3,4,242,7,medium,M,38,3991,1
273,A,Flight,5,1,293,7,high,M,51,3994,1
274,B,Flight,3,4,168,5,low,M,41,4382,0
275,C,Flight,5,5,290,3,low,F,11,4672,1
276,A,Ship,3,4,291,2,low,M,33,4712,1
277,B,Flight,2,3,309,8,high,M,37,4337,1
278,D,Road,4,1,207,5,medium,M,57,2985,1
279,A,Flight,5,4,207,2,low,F,62,2383,0
280,D,Ship,6,2,120,4,medium,M,5,5872,1
281,F,Flight,2,1,189,9,high,M,13,3692,1
282,C,Ship,3,2,112,6,low,F,25,4804,1
283,B,Ship,5,3,295,8,low,M,58,3582,0
284,A,Road,2,1,132,4,medium,M,43,3757,1
285,C,Flight,3,2,199,8,low,M,32,1580,0
286,A,Flight,7,3,211,8,low,F,14,4727,1
287,F,Road,5,4,278,8,high,F,19,3994,1
288,F,Ship,6,4,136,8,medium,M,30,3913,0
289,D,Ship,2,3,229,6,medium,F,21,3521,0
290,B,Ship,6,4,247,2,high,M,46,3886,0
291,C,Road,7,2,161,10,medium,F,41,5356,0
292,F,Ship,5,1,255,5,high,F,33,2976,0
293,F,Flight,4,4,160,6,medium,M,5,4602,1
294,B,Road,4,2,194,8,high,F,19,4722,1
295,F,Ship,5,4,137,3,high,M,11,3497,1
296,D,Flight,2,1,137,2,low,M,10,3251,0
297,F,Flight,5,1,214,10,medium,M,18,4120,1
298,A,Road,7,5,167,10,low,F,28,4825,0
299,B,Flight,5,4,277,7,medium,M,34,3389,1
300,D,Flight,5,1,186,9,medium,F,30,3713,0
301,B,Road,3,5,214,5,medium,M,58,4980,1
302,D,Ship,4,3,129,2,low,F,59,1913,1
303,F,Flight,3,4,170,10,medium,F,4,1346,0
304,F,Road,7,5,208,2,medium,F,43,4160,0
305,A,Ship,6,1,293,6,low,F,28,4273,1
306,A,Ship,2,3,99,9,medium,F,60,4426,0
307,D,Road,3,1,278,5,medium,F,9,5791,0
308,A,Road,3,1,203,9,medium,F,35,5420,0
309,D,Road,2,1,189,3,low,F,35,1314,0
310,D,Road,2,1,188,8,high,F,55,2861,1
311,D,Ship,4,5,279,7,low,M,48,4829,0
312,B,Road,6,1,228,3,medium,F,64,3167,1
313,A,Ship,7,3,293,8,medium,M,31,4306,1
314,F,Ship,6,2,280,6,high,F,49,3493,1
315,B,Road,4,1,263,4,low,F,5,4401,0
316,D,Road,7,1,156,2,high,M,38,2886,0
317,D,Flight,5,2,290,4,medium,M,50,4183,0
318,C,Flight,3,4,98,8,low,M,9,3413,1
319,A,Flight,5,5,295,2,low,F,39,3441,0
320,B,Road,3,5,233,2,low,F,39,2488,1
321,A,Ship,2,5,153,9,low,F,21,2870,0
322,B,Flight,7,1,252,5,high,F,41,4048,0
323,D,Road,7,3,255,6,medium,F,32,5067,1
324,C,Road,7,3,290,3,low,M,21,4623,0
325,B,Flight,6,5,178,8,low,M,5,2001,1
326,C,Road,3,5,165,5,medium,F,60,2937,0
327,D,Road,2,1,261,4,medium,M,34,1189,0
328,C,Road,2,2,254,8,medium,F,59,5027,1
329,A,Road,4,3,247,8,low,M,60,3953,0
330,C,Ship,4,4,265,4,low,M,17,5056,0
331,A,Flight,5,5,92,2,low,M,60,4847,1
332,D,Road,6,3,131,7,high,M,63,4008,1
333,D,Ship,4,1,170,9,high,F,3,1773,1
334,D,Ship,3,2,220,5,medium,M,2,4537,1
335,B,Road,4,4,187,10,high,F,33,2040,1
336,D,Road,7,4,295,6,medium,M,51,5803,0
337,B,Flight,3,3,307,8,medium,F,4,2622,0
338,F,Ship,7,4,240,6,high,F,51,3835,1
339,F,Flight,3,4,151,10,medium,M,6,1238,1
340,F,Road,2,2,280,3,high,F,36,1411,1
341,F,Flight,3,2,278,8,high,M,25,2237,1
342,A,Ship,5,2,267,8,high,M,7,5543,1
343,D,Flight,6,3,202,4,low,F,24,2857,0
344,B,Ship,5,2,213,4,low,M,42,2032,1
345,A,Road,4,1,186,10,medium,M,26,5027,0
346,C,Ship,6,2,150,8,low,M,42,4572,1
347,C,Road,7,3,229,7,high,F,31,1481,0
348,C,Ship,7,5,256,7,high,M,57,2055,0
349,B,Road,5,3,215,10,medium,M,39,5885,0
350,A,Road,3,1,212,4,high,F,26,4693,0
351,F,Flight,2,3,165,6,high,F,64,2777,1
352,C,Flight,3,2,194,8,medium,F,12,3495,0
353,A,Flight,7,2,306,6,high,F,48,4560,0
354,B,Road,7,2,200,2,low,F,55,5155,1
355,A,Ship,4,3,197,7,low,F,7,2615,0
356,C,Flight,5,1,204,2,high,F,11,1197,0
357,A,Road,3,3,144,9,low,M,21,5249,1
358,C,Flight,4,2,200,9,high,M,9,3996,0
359,B,Flight,6,2,156,7,high,F,22,4477,0
360,F,Road,4,1,215,9,low,F,54,3016,0
361,F,Road,5,3,300,10,medium,F,5,5047,0
362,A,Road,4,1,99,8,high,M,28,4608,0
363,B,Flight,2,4,240,4,high,F,62,3203,0
364,A,Ship,4,4,170,3,low,M,46,2889,1
365,C,Ship,5,1,175,3,medium,F,16,5921,0
366,C,Ship,3,2,199,5,high,F,2,2930,0
367,D,Flight,2,1,157,3,low,F,37,2062,0
368,C,Flight,3,1,176,7,low,M,25,5598,1
369,A,Ship,2,5,105,9,high,M,41,1485,1
370,D,Flight,6,5,169,9,low,F,30,4894,1
371,A,Flight,2,3,253,10,low,M,21,1766,0
372,D,Flight,3,5,211,2,medium,F,32,2669,1
373,C,Road,6,4,295,6,high,M,52,2948,0
374,D,Ship,7,3,184,2,medium,F,34,3021,1
375,C,Road,6,4,228,6,medium,M,13,4615,1
376,A,Ship,4,3,212,8,low,F,33,3560,1
377,D,Ship,7,2,220,2,high,F,15,3071,1
378,A,Ship,4,2,296,3,low,M,63,1761,1
379,B,Ship,2,1,177,2,medium,F,16,4554,0
380,A,Ship,3,3,174,8,low,F,49,4087,1
381,B,Flight,6,2,120,7,high,F,22,4701,0
382,C,Ship,6,3,102,9,medium,M,32,2434,0
383,D,Ship,5,3,154,7,medium,M,47,3982,1
384,F,Flight,5,1,140,2,low,M,49,2973,0
385,D,Ship,5,3,201,10,low,F,4,5009,1
386,C,Flight,7,5,223,5,high,M,53,5600,1
387,D,Ship,6,5,273,3,low,F,23,2587,0
388,D,Ship,6,4,118,6,low,M,36,3937,0
389,A,Ship,5,3,300,2,medium,M,54,4732,0
390,D,Ship,4,1,147,5,low,M,58,1849,1
391,C,Flight,7,2,200,3,medium,F,19,4468,1
392,B,Ship,4,5,253,6,low,F,25,3125,1
393,D,Flight,5,5,124,9,low,M,62,4829,1
394,A,Ship,4,3,179,5,high,F,56,3289,1
395,F,Road,2,3,237,2,medium,F,25,5485,1
396,A,Flight,3,1,309,7,medium,F,54,3882,1
397,C,Road,7,3,183,2,low,F,55,3867,1
398,F,Ship,3,1,150,8,high,F,63,1722,1
399,C,Flight,5,4,92,10,low,M,14,1157,0
400,A,Flight,3,5,234,8,low,F,28,1581,1
401,D,Ship,7,1,156,2,medium,M,16,2843,0
402,D,Ship,5,1,165,5,high,M,34,1414,1
403,C,Flight,5,4,237,4,high,M,52,4123,0
404,F,Road,5,3,92,2,low,F,38,5377,0
405,D,Road,7,4,154,4,low,M,27,2927,1
406,B,Flight,5,1,211,3,high,F,37,2159,0
407,B,Road,3,5,185,5,low,F,52,3190,0
408,D,Flight,6,1,92,4,medium,M,19,1630,1
409,C,Flight,3,4,219,7,low,F,56,5757,1
410,C,Road,6,5,249,6,low,F,58,2326,1
411,C,Ship,7,4,211,2,low,F,61,1109,1
412,F,Flight,2,4,177,9,low,F,58,2156,0
413,A,Road,2,2,161,4,medium,M,19,5355,1
414,C,Road,7,3,176,8,medium,M,6,3272,0
415,D,Flight,7,5,212,6,low,M,41,1618,0
416,F,Road,5,3,179,5,medium,F,64,4870,0
417,B,Flight,7,2,111,7,low,M,49,3154,0
418,B,Road,6,2,291,5,medium,F,21,1064,0
419,A,Ship,6,3,114,3,high,F,3,2691,1
420,D,Ship,4,4,135,9,medium,F,37,5280,1
421,B,Ship,6,3,283,5,low,M,62,2588,0
422,B,Ship,6,4,284,8,medium,M,44,5365,1
423,A,Ship,2,3,198,7,medium,M,32,5272,1
424,A,Road,3,3,234,7,medium,M,49,3885,1
425,C,Road,5,1,205,10,medium,F,36,2407,1
426,D,Flight,7,2,292,5,low,F,13,2731,0
427,D,Road,6,4,282,7,high,F,41,1734,1
428,B,Flight,4,1,262,3,medium,M,25,4933,1
429,F,Flight,7,4,264,3,high,F,14,1657,0
430,A,Road,2,1,133,9,medium,F,15,1243,0
431,F,Flight,4,4,138,5,medium,M,30,2679,0
432,F,Ship,4,4,142,5,high,F,13,5932,1
433,F,Ship,4,5,197,4,high,F,5,4862,0
434,F,Ship,6,1,248,9,low,M,46,1722,0
435,D,Flight,4,5,227,10,low,F,35,1901,1
436,D,Road,7,1,180,6,low,F,20,2166,0
437,D,Ship,3,5,164,9,high,M,39,4187,1
438,A,Ship,7,3,144,4,low,F,32,3411,0
439,A,Ship,2,2,188,7,low,F,32,4113,0
440,D,Ship,5,5,277,7,high,F,20,4952,0
441,A,Ship,5,4,225,10,high,F,63,2443,0
442,D,Ship,3,1,262,6,low,M,41,4068,1
443,C,Flight,3,3,116,6,high,F,40,4372,1
444,D,Ship,7,4,282,4,low,M,54,3579,1
445,A,Road,3,2,253,10,medium,F,44,3139,0
446,B,Road,6,3,182,9,high,M,41,1279,1
447,D,Flight,4,5,121,4,high,F,22,5003,1
448,B,Road,4,5,286,6,high,M,26,2317,0
449,B,Road,4,4,157,3,medium,F,56,5882,0
450,D,Road,5,2,210,2,low,F,32,4135,0
451,D,Flight,2,1,247,7,low,F,17,1124,1
452,B,Ship,6,4,152,3,high,F,2,1025,0
453,D,Ship,7,1,106,4,low,F,42,4592,1
454,A,Road,6,2,217,4,high,F,7,2025,0
455,C,Flight,5,3,109,2,high,M,11,1742,0
456,D,Flight,7,4,225,5,low,M,10,4940,1
457,C,Ship,6,3,169,4,low,M,24,1991,0
458,F,Ship,2,2,215,4,medium,M,55,3108,1
459,B,Road,7,3,256,3,low,M,10,5582,1
460,B,Flight,6,2,169,9,high,M,12,3178,1
461,D,Road,3,1,102,4,high,M,63,4144,0
462,A,Flight,7,2,242,3,high,F,49,2901,0
463,D,Road,3,2,239,8,low,M,18,2054,0
464,C,Ship,4,3,197,2,low,F,15,5889,1
465,F,Road,6,3,198,4,medium,F,49,4845,1
466,C,Ship,6,1,150,9,medium,M,8,1095,0
467,C,Ship,6,1,145,8,medium,M,56,5599,0
468,D,Road,2,4,169,2,low,F,49,1332,1
469,C,Ship,3,5,122,2,high,M,4,5081,1
470,D,Ship,2,2,150,2,medium,F,34,1437,1
471,B,Road,5,2,123,7,high,M,14,5684,0
472,A,Ship,6,4,192,3,medium,M,5,1031,1
473,A,Ship,6,1,296,10,high,F,42,4013,0
474,F,Road,6,5,104,2,low,F,29,5389,0
475,A,Road,3,2,117,6,low,M,5,5459,1
476,F,Road,4,3,183,2,medium,M,22,5739,0
477,F,Ship,2,3,284,9,medium,M,46,1706,1
478,F,Road,6,3,281,2,high,F,39,4064,1
479,C,Flight,2,5,134,6,low,F,39,1411,1
480,F,Flight,4,5,303,8,high,M,41,4244,1
481,D,Ship,2,5,189,2,medium,F,54,3473,1
482,C,Flight,5,2,117,7,high,M,11,2804,0
483,D,Flight,6,2,275,8,medium,F,42,4608,1
484,B,Road,7,5,286,6,high,F,39,5634,1
485,B,Flight,2,2,213,2,high,F,43,3661,0
486,C,Road,5,1,127,10,high,M,60,4218,1
487,F,Road,7,4,188,4,medium,F,64,4611,0
488,C,Ship,7,1,170,5,high,F,59,1079,1
489,B,Road,3,3,202,2,high,F,14,5291,0
490,A,Road,2,4,273,6,low,M,26,3570,1
491,C,Flight,7,1,210,4,medium,M,22,3325,0
492,D,Flight,6,5,121,9,medium,F,29,5327,1
493,A,Ship,7,3,231,2,low,M,44,3243,1
494,C,Flight,6,4,218,3,low,F,7,5663,0
495,D,Road,3,2,246,6,high,F,17,4398,0
496,C,Road,3,1,233,5,medium,M,34,4809,0
497,F,Road,3,3,156,7,medium,M,47,5427,1
498,B,Ship,7,1,213,5,medium,M,45,4116,0
499,C,Road,7,2,114,3,high,M,54,5016,0
500,B,Road,7,3,275,8,low,F,51,1148,1
501,C,Ship,3,1,113,4,low,M,24,5955,1
502,B,Road,6,2,217,10,high,M,10,4249,1
503,C,Ship,2,3,121,2,low,M,14,4546,1
504,C,Ship,7,2,118,9,medium,M,39,5988,0
505,C,Flight,2,2,251,9,medium,M,31,2441,1
506,A,Road,7,1,259,2,low,F,54,1011,1
507,B,Flight,2,3,208,9,medium,M,4,5380,1
508,A,Ship,4,5,262,7,medium,M,57,1285,1
509,B,Ship,6,5,248,7,high,F,12,2354,0
510,F,Road,6,2,222,8,low,F,24,2596,1
511,B,Flight,2,1,197,10,high,M,16,3802,0
512,B,Road,2,2,247,10,high,M,61,3377,1
513,A,Road,2,5,163,7,low,F,32,5961,1
514,F,Road,4,4,232,2,medium,M,51,1980,1
515,B,Road,2,4,133,4,medium,M,24,3199,1
516,B,Road,3,2,91,6,low,F,34,5143,1
517,B,Ship,4,1,205,9,medium,M,39,1870,0
518,A,Flight,4,2,207,4,high,F,14,4397,0
519,C,Road,2,2,95,2,low,M,7,3882,1
520,C,Ship,4,2,197,3,medium,M,24,4742,1
521,D,Ship,6,3,266,6,low,F,4,3034,1
522,C,Road,6,5,136,8,medium,F,58,5097,1
523,C,Road,3,2,218,4,high,F,62,2391,0
524,A,Flight,4,5,164,3,medium,M,41,5336,1
525,C,Road,6,3,284,4,low,F,37,2499,1
526,B,Flight,3,4,252,8,medium,F,11,2017,0
527,B,Ship,4,1,257,3,high,F,41,2128,1
528,D,Ship,3,2,226,10,low,F,59,2048,0
529,D,Road,3,2,285,7,medium,M,64,3880,0
530,D,Flight,6,3,207,8,high,M,21,5784,0
531,D,Road,2,3,222,5,high,M,2,4489,1
532,F,Flight,2,5,159,10,high,F,57,3408,0
533,F,Ship,3,5,185,9,high,M,2,3116,0
534,B,Road,4,4,273,8,low,M,29,3979,1
535,D,Road,7,3,252,5,medium,M,34,4334,1
536,A,Road,7,4,115,8,high,F,15,4986,1
537,F,Ship,2,4,206,6,medium,M,32,5922,0
538,C,Flight,3,4,246,2,low,F,28,5089,1
539,A,Ship,6,1,202,4,low,M,22,2898,1
540,F,Road,5,5,133,4,low,M,47,1254,1
541,D,Flight,5,4,97,4,medium,F,44,4206,1
542,C,Ship,3,2,217,6,low,F,23,1553,1
543,B,Ship,5,5,136,10,high,M,17,4813,0
544,F,Road,2,5,185,9,medium,F,18,4586,0
545,B,Road,2,3,309,6,medium,M,37,3453,1
546,D,Road,3,4,271,9,low,F,9,1320,1
547,A,Ship,7,5,254,9,low,F,60,4720,1
548,F,Road,2,4,268,6,medium,F,42,3060,0
549,D,Ship,6,1,238,7,medium,M,41,5619,1
550,B,Flight,6,1,205,9,medium,M,27,5704,0
551,D,Flight,6,3,140,8,high,F,41,5520,0
552,C,Road,2,4,293,6,medium,F,43,2146,1
553,F,Ship,2,4,104,6,low,M,45,2090,0
554,F,Road,3,1,240,5,medium,F,26,5781,0
555,F,Road,7,3,291,5,medium,F,5,3586,0
556,B,Road,4,2,170,9,low,M,21,4017,0
557,D,Flight,3,2,154,6,medium,F,18,2431,0
558,B,Road,5,3,122,5,medium,F,38,4633,1
559,F,Road,2,4,110,2,low,M,47,5745,1
560,B,Ship,7,3,198,5,low,F,35,5227,0
561,A,Road,7,4,180,8,low,M,24,1282,0
562,F,Flight,2,2,154,10,medium,M,57,5494,0
563,F,Ship,5,3,270,7,high,F,52,3163,0
564,C,Flight,6,1,102,7,low,M,30,3953,1
565,A,Flight,6,5,106,9,low,F,33,1722,0
566,F,Road,5,3,259,4,low,F,31,5967,1
567,C,Ship,5,2,276,9,low,F,33,5145,0
568,D,Ship,7,2,265,9,high,F,33,2388,1
569,A,Road,3,2,250,4,low,M,7,4272,1
570,C,Ship,7,2,286,8,high,F,58,1255,0
571,F,Flight,6,4,108,9,high,F,17,4826,0
572,A,Ship,3,1,209,8,high,M,3,5795,0
573,D,Flight,6,4,283,8,medium,F,11,3230,0
574,D,Road,2,1,181,4,high,M,40,3578,1
575,B,Road,3,3,308,9,high,M,62,2508,0
576,A,Flight,2,5,230,10,high,M,29,4016,0
577,F,Flight,2,4,269,2,low,F,11,5062,0
578,B,Flight,3,4,161,7,medium,F,16,4717,0
579,D,Flight,4,5,101,10,high,F,16,5149,1
580,F,Flight,4,3,164,6,low,F,50,1240,0
581,F,Flight,7,5,258,6,high,F,19,3692,0
582,C,Flight,6,1,244,7,low,F,36,5817,1
583,A,Ship,5,5,263,10,high,M,45,1951,0
584,B,Flight,6,5,145,3,high,F,11,2097,1
585,F,Road,2,3,111,4,low,M,61,1456,1
586,B,Ship,2,3,160,9,low,F,6,4068,1
587,B,Flight,2,2,115,5,high,M,10,5751,0
588,C,Road,3,3,278,2,high,F,51,5925,1
589,B,Road,3,4,253,8,high,F,48,4118,1
590,B,Ship,7,2,125,6,low,M,57,4908,1
591,C,Flight,4,3,163,10,high,M,59,1425,1
592,C,Ship,4,3,291,6,high,F,19,4535,1
593,B,Road,6,4,160,8,low,F,8,3615,0
594,A,Flight,6,5,202,7,medium,F,12,2123,0
595,C,Flight,3,2,210,2,high,F,61,3387,0
596,B,Ship,2,5,286,7,medium,M,60,4132,1
597,F,Flight,3,4,213,5,high,M,7,2662,0
598,A,Flight,2,2,239,2,high,M,56,1117,0
599,D,Road,6,2,119,3,high,F,28,1093,1
600,B,Ship,4,4,190,7,high,M,33,2260,0
601,B,Flight,4,4,251,5,high,F,26,4270,0
602,A,Flight,2,2,185,6,high,F,59,3454,1
603,C,Ship,4,5,274,3,low,M,30,2472,0
604,B,Flight,3,5,242,7,low,F,60,4386,1
605,C,Flight,6,3,174,10,medium,M,49,5493,0
606,D,Road,7,2,297,6,high,M,18,3294,1
607,D,Road,6,5,294,8,high,F,11,4832,1
608,C,Ship,5,4,116,3,low,M,6,2840,1
609,C,Road,3,4,121,8,high,F,7,1052,1
610,B,Flight,5,3,206,6,medium,F,33,4023,0
611,D,Flight,2,3,157,5,low,F,47,3395,0
612,C,Flight,7,4,186,2,medium,F,7,3222,0
613,F,Ship,4,4,238,8,high,M,15,5741,1
614,D,Ship,5,5,123,3,low,F,7,2187,0
615,F,Flight,7,1,236,4,medium,M,3,4480,0
616,A,Road,3,4,273,6,low,M,52,3696,0
617,F,Ship,6,5,143,6,high,M,14,5522,1
618,C,Ship,7,4,241,4,high,M,42,4683,0
619,C,Road,7,2,189,8,high,M,53,5947,1
620,A,Road,6,5,154,9,medium,F,36,1907,0
621,C,Road,7,2,103,7,high,F,34,1865,0
622,C,Road,6,5,262,5,medium,F,41,4456,0
623,C,Ship,5,3,300,10,low,M,53,4738,1
624,F,Ship,3,1,298,8,high,F,48,5279,1
625,A,Road,4,2,121,4,medium,M,10,3195,1
626,B,Ship,5,3,246,3,low,M,22,5618,1
627,C,Ship,6,4,104,3,medium,F,62,2596,1
628,F,Flight,3,1,208,4,low,F,36,5229,1
629,F,Flight,4,1,159,6,high,F,38,4609,0
630,C,Ship,4,4,273,2,medium,M,3,1981,0
631,C,Road,2,2,191,9,low,F,26,5165,0
632,B,Ship,5,3,99,4,low,M,11,2863,1
633,A,Ship,7,2,305,2,medium,F,10,3434,1
634,B,Road,6,5,109,6,low,M,31,5572,0
635,D,Flight,3,5,234,2,medium,M,52,3112,1
636,F,Ship,4,3,260,5,high,F,44,4518,1
637,C,Road,5,2,244,9,low,M,46,2671,1
638,B,Road,4,2,102,3,low,M,49,5758,1
639,C,Road,7,5,303,8,medium,M,22,1229,0
640,A,Ship,3,5,212,6,medium,F,44,4186,1
641,B,Road,7,5,247,6,low,F,57,1686,0
642,F,Flight,4,4,237,6,low,F,53,4282,0
643,C,Road,5,2,169,3,low,F,3,4445,1
644,C,Road,3,5,109,7,high,F,13,4991,1
645,C,Road,3,5,223,8,low,M,22,1707,0
646,F,Flight,2,1,143,10,high,M,47,5091,0
647,B,Ship,5,2,154,9,low,F,38,1911,1
648,F,Flight,2,5,248,5,medium,F,9,2234,1
649,D,Ship,7,3,229,3,low,M,57,2221,1
650,C,Ship,5,4,302,9,low,M,28,4638,1
651,A,Road,5,1,168,10,high,F,36,3974,0
652,F,Ship,6,1,170,10,high,F,1,1104,0
653,B,Flight,6,4,288,7,low,F,10,5856,1
654,A,Flight,3,5,102,3,low,F,23,4049,0
655,A,Ship,5,5,260,8,medium,F,29,3669,1
656,B,Road,6,5,293,10,low,M,1,5014,1
657,D,Road,4,3,206,7,medium,M,20,1154,0
658,F,Ship,2,5,268,4,medium,M,1,4781,1
659,C,Flight,2,1,275,8,low,M,40,5156,0
660,D,Road,7,1,174,5,low,M,36,5567,0
661,A,Flight,7,2,273,9,medium,F,12,3337,1
662,A,Road,7,3,185,7,high,M,53,3246,1
663,A,Flight,2,2,244,8,medium,M,39,3017,0
664,B,Road,2,3,108,9,low,F,29,5735,0
665,C,Ship,6,2,131,5,medium,F,62,2709,1
666,F,Flight,6,3,179,4,medium,F,47,5648,1
667,B,Ship,6,4,271,9,low,F,46,2022,0
668,A,Ship,6,1,265,10,low,F,35,2430,0
669,F,Road,2,5,109,6,medium,M,27,2520,0
670,F,Flight,2,4,177,10,low,F,41,4516,0
671,F,Road,6,5,122,10,medium,F,21,5382,1
672,A,Ship,5,1,115,10,medium,F,42,3766,1
673,B,Ship,4,5,260,9,low,F,10,5957,1
674,B,Flight,2,1,156,4,low,M,51,2897,0
675,D,Ship,5,5,259,4,high,M,35,1945,1
676,B,Road,4,1,249,5,medium,F,45,1268,0
677,D,Ship,7,2,248,2,medium,M,27,1872,0
678,C,Flight,4,2,195,6,low,M,11,2273,0
679,B,Road,2,1,257,3,high,M,3,1231,1
680,D,Flight,7,1,191,5,high,F,64,1867,0
681,D,Flight,6,4,228,10,low,M,23,5943,1
682,B,Flight,5,5,97,10,medium,F,38,3339,0
683,A,Ship,7,5,264,9,low,F,9,2681,1
684,D,Ship,3,4,201,7,low,F,61,4472,1
685,B,Road,6,5,213,9,low,F,51,2431,0
686,D,Flight,3,4,99,8,medium,F,35,3018,1
687,C,Road,4,4,299,9,high,F,11,1583,1
688,B,Flight,6,3,141,4,medium,F,42,1151,1
689,F,Flight,7,3,201,4,low,F,23,4586,1
690,C,Flight,7,3,309,6,low,F,23,1650,0
691,C,Ship,5,5,189,7,high,F,9,4065,0
692,A,Flight,5,1,96,9,high,F,13,5797,1
693,B,Flight,7,1,136,8,high,M,59,1320,1
694,B,Ship,4,3,288,9,low,M,19,4853,1
695,F,Road,5,2,250,3,low,M,59,4737,0
696,A,Road,6,2,231,3,medium,F,7,2906,0
697,D,Road,3,5,225,9,medium,F,56,3297,1
698,A,Road,2,2,98,3,medium,F,55,2510,0
699,D,Road,4,4,248,4,low,M,52,4218,0
700,F,Flight,7,5,127,7,high,F,6,1169,1
701,C,Flight,6,1,287,4,high,M,28,2506,0
702,C,Flight,6,5,137,4,medium,F,48,5360,1
703,D,Road,4,5,91,5,low,F,42,2273,1
704,C,Road,6,5,257,6,medium,M,12,2450,0
705,D,Road,3,1,220,5,medium,M,49,2602,1
706,F,Flight,6,2,197,3,high,F,23,1851,0
707,A,Ship,5,5,265,9,high,M,3,5070,1
708,A,Road,6,5,272,2,high,M,11,3487,1
709,C,Ship,3,4,286,3,medium,F,32,4901,1
710,A,Flight,3,2,105,2,high,M,48,1751,0
711,A,Ship,7,4,219,9,low,M,5,2826,0
712,D,Flight,5,3,217,3,high,M,4,2303,0
713,A,Road,2,4,270,8,medium,F,11,4317,0
714,C,Ship,7,4,206,5,medium,F,5,4090,0
715,B,Flight,5,1,167,4,medium,M,38,3814,0
716,A,Road,2,2,210,10,low,F,6,4229,1
717,F,Flight,3,3,121,6,low,M,62,2016,0
718,A,Road,6,1,294,5,high,F,39,5153,1
719,A,Flight,6,4,297,10,low,M,34,2147,0
720,F,Flight,6,5,96,4,low,M,60,1824,0
721,C,Ship,4,5,144,7,low,F,25,4059,1
722,A,Flight,2,5,141,5,high,F,9,4610,1
723,B,Road,6,4,225,6,medium,M,25,3330,0
724,A,Road,3,1,129,3,medium,F,22,4122,0
725,B,Ship,4,1,288,8,low,F,11,1130,0
726,C,Flight,4,1,167,3,low,M,33,4985,1
727,C,Ship,2,2,244,5,medium,M,45,5306,1
728,B,Ship,7,5,306,10,medium,M,27,4361,1
729,A,Ship,7,2,179,10,low,F,55,2279,0
730,A,Flight,7,3,146,8,low,F,13,3877,0
731,B,Road,7,4,208,7,high,M,27,4486,1
732,D,Ship,7,1,246,2,high,F,22,4426,0
733,F,Road,7,4,208,4,low,M,61,2109,1
734,D,Ship,6,2,297,2,low,M,61,4000,0
735,D,Road,7,3,224,8,high,M,10,2349,1
736,F,Road,2,5,101,9,low,M,37,3186,0
737,B,Flight,2,1,236,4,high,F,11,5591,0
738,D,Road,5,5,237,9,high,F,43,5756,1
739,B,Road,6,5,196,4,low,M,15,5002,0
740,B,Ship,5,5,298,6,low,F,19,1078,1
741,B,Flight,5,3,143,3,medium,F,38,4805,0
742,F,Road,6,4,284,5,high,M,50,5593,0
743,B,Road,4,2,142,5,high,M,19,1506,1
744,A,Ship,7,5,237,7,high,F,24,1154,0
745,D,Ship,4,2,166,3,low,F,56,4019,0
746,B,Ship,6,2,187,5,high,F,36,4834,1
747,C,Road,5,5,303,8,low,M,53,5220,0
748,C,Ship,6,4,221,8,low,F,10,2621,1
749,A,Flight,6,1,207,9,low,F,52,2277,1
750,B,Road,3,5,141,10,high,M,13,1785,0
751,A,Ship,2,2,96,6,low,M,17,2314,0
752,A,Ship,7,3,233,6,medium,F,17,5027,0
753,F,Flight,6,5,148,6,low,F,11,5053,0
754,A,Ship,6,2,204,7,low,F,41,2485,1
755,B,Road,7,2,95,10,low,F,62,2036,0
756,B,Road,4,1,277,3,high,F,11,5579,1
757,C,Road,5,1,297,6,low,M,14,1459,1
758,A,Flight,2,3,103,7,high,F,41,3371,1
759,A,Ship,6,3,130,6,low,M,48,4915,0
760,C,Ship,5,3,162,4,medium,M,26,1363,0
761,D,Ship,5,4,132,5,low,M,36,2689,0
762,B,Flight,2,2,162,2,medium,M,45,4664,1
763,B,Road,5,4,183,3,low,M,17,4966,1
764,F,Road,5,5,186,2,low,M,29,5718,0
765,C,Road,7,5,143,3,high,F,4,5518,0
766,C,Ship,7,4,137,7,low,F,11,3131,1
767,F,Flight,4,5,269,9,low,F,4,1909,0
768,A,Road,4,1,97,3,low,F,3,5622,1
769,C,Road,3,5,273,3,high,F,13,3927,1
770,C,Road,4,5,91,6,low,F,22,5883,1
771,D,Flight,3,5,274,4,low,M,2,4948,0
772,F,Road,3,5,112,8,medium,F,16,4937,0
773,B,Road,6,3,156,7,medium,F,24,2436,1
774,A,Ship,7,1,184,7,high,M,21,1250,0
775,C,Ship,6,4,273,4,high,M,17,3860,0
776,C,Ship,6,4,197,6,medium,M,52,2406,0
777,D,Ship,2,3,129,2,medium,M,46,5969,0
778,B,Flight,2,2,306,6,high,F,33,1849,0
779,C,Ship,7,4,161,6,medium,M,20,2147,1
780,B,Ship,3,5,255,10,high,F,39,3554,0
781,A,Flight,6,3,233,5,high,F,45,2519,1
782,C,Flight,2,4,307,4,high,F,58,4893,0
783,D,Road,3,5,264,5,medium,M,43,3182,0
784,F,Ship,7,3,207,10,high,F,59,2783,0
785,C,Road,7,2,260,9,medium,F,45,3442,1
786,F,Road,2,1,104,9,high,F,19,4306,0
787,B,Road,5,1,240,10,medium,F,53,4261,0
788,C,Road,4,4,189,5,high,F,5,3532,0
789,F,Road,5,5,231,9,medium,M,10,2411,0
790,D,Road,4,3,148,8,low,F,24,3222,0
791,F,Flight,6,3,289,2,high,M,37,2218,0
792,F,Ship,2,5,130,9,medium,M,29,4317,1
793,F,Road,3,4,174,10,low,M,62,3707,0
794,A,Road,5,4,189,5,low,F,3,3027,1
795,A,Flight,2,2,98,9,high,F,6,1301,0
796,C,Ship,6,5,103,2,low,M,4,5919,0
797,C,Road,6,2,254,2,medium,M,23,4737,1
798,C,Flight,6,5,242,10,high,F,50,1950,0
799,D,Road,2,2,295,8,low,F,44,3798,1
800,C,Road,2,4,303,8,low,F,62,5497,1
801,C,Flight,3,3,114,10,low,M,12,4649,1
802,F,Flight,6,5,113,7,medium,M,21,3754,1
803,F,Flight,7,3,228,9,high,F,20,4085,1
804,A,Road,3,5,146,7,high,M,21,2707,1
805,D,Road,5,3,108,3,high,F,10,1794,0
806,D,Flight,4,5,261,2,medium,M,3,1119,1
807,C,Road,2,3,107,5,high,F,38,2871,1
808,F,Ship,3,5,160,5,medium,M,20,5341,1
809,D,Ship,5,2,214,6,medium,F,54,3165,0
810,A,Ship,3,2,232,7,medium,F,44,2727,1
811,B,Ship,5,4,261,8,medium,F,38,3034,1
812,A,Flight,7,4,216,5,medium,M,57,5189,1
813,D,Road,3,5,280,2,high,F,37,2803,0
814,B,Ship,4,4,293,9,medium,F,45,2928,0
815,D,Flight,2,1,275,9,medium,F,21,2428,1
816,C,Flight,4,4,238,8,low,M,14,5302,0
817,F,Ship,6,4,224,7,medium,M,52,3669,1
818,A,Flight,2,5,139,3,low,M,31,2254,1
819,C,Road,5,1,120,8,high,M,24,3866,1
820,D,Ship,4,2,288,7,low,M,5,2984,1
821,F,Ship,3,1,243,10,high,M,64,5309,0
822,D,Ship,2,2,259,3,low,F,39,4467,1
823,C,Ship,7,2,278,4,high,M,52,5680,0
824,B,Flight,6,4,134,2,high,F,25,5381,0
825,D,Road,5,1,234,3,medium,F,35,1357,0
826,B,Ship,4,2,241,7,medium,M,40,1052,1
827,F,Ship,3,2,247,9,low,M,22,1752,0
828,F,Road,6,2,147,3,medium,F,58,1806,1
829,B,Ship,6,1,118,2,high,M,12,1295,0
830,D,Ship,7,5,308,7,high,M,43,3159,0
831,A,Flight,7,5,286,7,high,M,3,2025,0
832,F,Road,2,5,210,9,high,M,9,1454,0
833,C,Road,2,1,101,3,medium,M,34,3280,0
834,C,Road,6,3,166,4,low,M,42,1148,0
835,C,Road,7,1,91,6,medium,F,36,3822,0
836,B,Flight,4,3,136,4,high,F,14,3492,1
837,C,Road,3,2,160,4,medium,M,18,5554,1
838,D,Flight,3,1,304,9,high,M,56,3795,0
839,D,Ship,4,1,240,6,low,F,55,2806,0
840,A,Road,7,1,218,9,low,F,50,5398,0
841,D,Ship,6,4,296,4,medium,F,23,4622,1
842,B,Ship,4,1,250,7,low,F,41,4795,1
843,F,Flight,2,1,189,2,high,M,42,4463,1
844,D,Flight,6,4,189,10,high,M,38,5119,0
845,B,Flight,4,1,186,2,medium,M,63,2249,0
846,B,Flight,2,2,201,2,high,F,4,1015,1
847,F,Flight,5,2,297,3,low,M,15,5818,0
848,F,Road,3,1,211,2,high,M,41,4978,1
849,F,Flight,2,5,288,6,high,M,25,3922,0
850,D,Ship,5,1,125,5,high,F,46,5707,1
851,A,Road,7,4,118,10,high,M,50,4183,1
852,F,Ship,6,4,305,6,high,M,12,3181,0
853,D,Ship,7,2,185,2,medium,F,16,4388,1
854,D,Road,4,5,129,2,medium,F,48,1692,0
855,F,Road,5,2,107,10,high,M,14,4460,0
856,C,Ship,7,3,206,2,low,M,48,4869,1
857,A,Ship,6,2,113,9,high,M,47,3573,1
858,C,Ship,7,2,180,8,low,F,3,3995,1
859,A,Flight,3,3,308,4,medium,M,64,3895,0
860,D,Road,3,4,275,6,low,M,54,2718,1
861,C,Ship,2,1,139,5,medium,M,28,3316,1
862,B,Road,4,4,197,6,low,F,24,4277,0
863,C,Road,3,5,131,5,high,F,24,3961,1
864,C,Road,3,4,151,9,medium,F,64,2575,0
865,A,Road,6,4,269,6,high,F,23,2294,1
866,C,Flight,5,5,197,9,high,F,60,4915,0
867,F,Ship,3,4,219,8,medium,F,3,1947,0
868,B,Road,6,1,134,2,low,F,36,3537,0
869,A,Ship,2,1,104,9,medium,M,4,4684,0
870,A,Road,7,3,282,10,medium,F,3,1237,0
871,C,Road,7,1,186,6,high,F,23,3801,1
872,A,Flight,6,3,155,6,medium,M,38,5712,1
873,F,Road,5,4,213,9,medium,M,49,1242,1
874,C,Road,4,2,120,6,high,F,36,2588,1
875,D,Ship,7,4,272,5,low,M,9,4861,0
876,F,Road,6,1,158,6,medium,F,18,4606,0
877,C,Road,4,1,251,7,low,M,41,1859,1
878,B,Ship,2,5,213,8,high,M,19,4042,0
879,B,Road,6,4,139,5,low,M,63,3014,1
880,C,Ship,7,2,146,6,low,M,44,5803,1
881,A,Road,3,4,200,6,low,F,44,2372,1
882,F,Road,7,5,170,2,medium,M,55,4661,0
883,F,Road,6,5,269,3,medium,M,55,5273,0
884,F,Road,3,3,100,6,medium,F,15,3883,0
885,C,Road,6,1,309,7,low,F,41,1113,1
886,C,Ship,3,1,196,9,medium,M,57,4438,0
887,C,Ship,6,3,149,3,medium,M,3,1354,1
888,B,Ship,2,2,255,4,medium,F,2,5174,1
889,D,Ship,2,3,118,7,low,M,28,4656,0
890,A,Ship,3,3,298,8,low,F,16,5695,1
891,D,Flight,3,3,228,5,medium,M,20,3531,0
892,C,Ship,7,4,170,9,medium,M,28,1056,0
893,A,Ship,4,4,304,10,medium,F,38,2133,0
894,D,Flight,3,2,278,4,medium,F,39,3707,0
895,C,Ship,5,1,229,3,low,F,60,4974,1
896,D,Ship,4,2,268,4,low,F,31,4936,0
897,D,Flight,4,4,126,8,low,M,8,3930,1
898,A,Flight,2,2,173,9,medium,M,4,3388,1
899,C,Road,7,4,192,3,high,F,36,3157,0
900,A,Flight,6,4,164,8,medium,F,18,4095,0
901,F,Flight,2,1,282,4,low,F,2,2846,0
902,F,Road,2,2,103,4,medium,M,38,1487,0
903,A,Ship,7,4,211,9,low,F,56,4310,0
904,A,Ship,6,4,304,6,medium,M,28,3117,1
905,A,Flight,3,2,271,3,high,M,6,3581,0
906,C,Road,6,3,133,9,high,F,51,4283,1
907,C,Flight,4,4,162,3,low,F,57,2959,0
908,B,Ship,3,1,208,10,high,M,4,1178,0
909,F,Ship,5,1,101,9,low,M,18,5813,1
910,A,Flight,5,5,190,2,high,M,37,3435,1
911,F,Flight,6,4,257,8,low,F,56,4751,1
912,D,Road,2,1,194,9,low,M,3,5801,0
913,F,Flight,4,2,106,4,high,F,52,3518,0
914,A,Flight,7,2,293,6,high,F,51,1542,0
915,A,Ship,5,5,308,9,low,F,60,1975,0
916,F,Road,5,4,170,9,high,F,36,2478,0
917,C,Road,6,2,189,4,low,M,49,3977,1
918,A,Road,7,1,279,9,high,F,39,2478,1
919,A,Ship,5,4,299,10,medium,M,23,5086,0
920,F,Ship,2,2,126,9,medium,F,12,4020,1
921,F,Ship,3,4,275,8,low,F,39,4463,1
922,C,Ship,7,1,243,8,low,F,37,4081,1
923,D,Road,5,2,259,9,medium,F,37,4084,0
924,C,Road,2,4,143,9,medium,M,59,4478,0
925,F,Ship,5,2,147,3,medium,F,19,5202,1
926,C,Flight,6,3,170,7,low,M,14,3737,0
927,F,Road,6,3,200,8,low,M,18,2841,0
928,B,Ship,3,1,120,9,medium,F,8,3452,0
929,D,Road,2,4,103,2,low,F,4,4212,0
930,D,Road,4,3,110,6,low,M,55,3282,1
931,B,Flight,6,1,171,6,high,M,13,4898,1
932,C,Flight,6,2,127,3,medium,F,63,1181,1
933,C,Road,5,3,157,6,medium,M,64,4965,1
934,C,Ship,2,4,159,7,high,F,22,5548,0
935,D,Road,7,4,119,2,low,M,31,4389,1
936,C,Flight,2,4,214,9,low,M,55,3718,1
937,C,Flight,6,5,262,5,low,M,39,3623,1
938,B,Road,4,4,154,4,low,M,59,4361,1
939,F,Flight,5,2,241,2,high,M,48,5887,1
940,B,Flight,4,2,180,8,low,M,60,2956,0
941,C,Road,6,5,119,2,low,F,5,3827,1
942,D,Ship,6,2,289,8,high,F,58,3452,0
943,D,Ship,7,2,119,3,low,F,27,5313,0
944,A,Ship,4,1,174,5,high,F,46,1944,1
945,D,Flight,6,3,224,8,low,F,16,2176,0
946,F,Flight,4,1,141,6,medium,M,63,4773,0
947,A,Road,7,2,90,10,medium,M,39,4766,1
948,F,Flight,2,2,134,5,medium,M,18,1105,1
949,A,Ship,7,5,121,3,medium,M,26,4229,1
950,C,Ship,2,4,165,5,high,M,31,2847,1
951,D,Road,2,4,195,4,low,F,57,1295,1
952,D,Road,2,3,275,4,high,M,49,1761,1
953,D,Road,4,2,294,8,low,F,57,3294,0
954,C,Road,7,2,258,8,low,M,26,4983,1
955,C,Flight,6,2,145,10,low,F,64,3492,1
956,B,Road,7,4,217,3,high,F,49,5333,1
957,A,Road,4,5,293,2,high,M,62,4595,1
958,C,Road,3,5,93,8,low,F,3,3496,1
959,D,Road,6,3,115,4,medium,F,22,5466,0
960,F,Flight,3,1,160,10,low,F,61,3566,1
961,A,Road,3,1,247,9,medium,M,12,5492,1
962,A,Ship,4,3,221,6,low,M,9,1969,1
963,A,Road,2,3,139,2,high,M,4,4855,0
964,F,Ship,4,4,100,3,low,M,37,3423,0
965,A,Ship,7,2,131,2,medium,F,31,3734,1
966,F,Road,5,4,178,10,low,M,12,2021,0
967,D,Road,5,4,205,4,high,F,55,2157,1
968,A,Ship,7,3,145,10,high,M,44,5828,1
969,A,Flight,5,5,128,4,medium,F,29,1283,1
970,D,Ship,3,1,121,8,low,M,49,4594,1
971,B,Ship,5,3,158,8,high,F,6,1116,0
972,A,Ship,3,4,180,4,high,M,44,2147,1
973,C,Flight,4,2,304,3,low,M,53,3157,1
974,F,Ship,7,2,114,8,medium,M,16,1690,1
975,D,Road,3,1,99,10,high,F,17,3993,1
976,F,Flight,6,2,193,5,low,F,60,1190,0
977,A,Flight,5,2,203,3,medium,M,7,2857,0
978,F,Road,4,4,132,4,high,M,48,4959,0
979,B,Flight,2,2,267,2,medium,F,1,2431,1
980,B,Ship,5,2,145,7,high,M,2,4678,1
981,C,Ship,5,2,275,6,medium,M,23,4642,0
982,F,Flight,3,3,277,8,low,F,30,5208,1
983,C,Ship,5,5,281,4,medium,M,33,3930,0
984,D,Flight,2,4,247,2,medium,F,47,3150,0
985,B,Ship,5,4,247,2,low,M,32,2631,1
986,A,Road,4,1,232,6,medium,F,52,2055,1
987,A,Road,2,4,115,4,high,M,43,3861,1
988,D,Flight,5,3,245,5,low,M,7,5926,0
989,C,Road,7,5,257,5,low,F,19,3238,0
990,C,Road,7,5,273,3,low,M,23,1476,1
991,C,Ship,7,5,192,3,medium,F,63,2496,1
992,C,Road,4,3,233,10,medium,M,54,3780,0
993,D,Road,4,3,230,2,low,F,10,4797,0
994,F,Road,5,2,167,6,medium,M,60,5268,0
995,F,Flight,4,1,154,4,medium,F,19,1033,1
996,F,Flight,7,4,190,3,medium,F,56,2907,0
997,F,Ship,7,1,122,7,high,M,64,1360,0
998,A,Road,7,1,187,6,medium,F,64,3584,1
999,A,Road,5,3,296,3,low,M,17,1487,1
1000,B,Flight,6,5,207,5,medium,F,17,1304,1
