Warehouse_block,Mode_of_Shipment,Customer_care_calls,Customer_rating,Cost_of_the_Product,Prior_purchases,Product_importance,Gender,Discount_offered,Weight_in_gms,Reached.on.Time_Y.N
C,Flight,2,5,306,6,high,M,45,3838,1
F,Ship,7,2,114,3,high,M,35,2710,1
B,Ship,7,2,215,7,medium,F,44,4152,0
A,Road,5,3,126,5,medium,M,54,2245,0
F,Ship,3,5,113,3,medium,M,43,1806,1
F,Road,5,1,252,2,low,F,60,1866,1
D,Flight,5,1,235,3,medium,M,42,2947,0
B,Road,2,3,114,4,high,F,10,2066,0
C,Flight,2,4,240,4,high,F,2,2610,1
C,Ship,2,1,122,9,medium,M,41,5549,0
D,Road,6,3,198,7,high,M,55,3469,1
F,Ship,5,5,206,8,medium,F,64,5268,0
A,Ship,5,4,209,2,low,M,10,5135,1
D,Flight,6,1,151,8,high,F,8,3738,0
A,Ship,4,2,221,8,medium,F,64,2940,0
C,Ship,4,1,244,9,medium,M,53,1901,0
F,Ship,6,1,225,8,high,F,40,3810,0
D,Road,2,2,252,10,low,M,2,4149,0
A,Road,4,4,256,2,high,F,16,2046,1
C,Flight,5,4,254,7,low,F,30,1931,0
F,Road,7,5,96,4,low,M,11,1055,0
D,Road,3,2,181,8,high,M,32,4590,0
C,Ship,3,2,155,7,low,M,30,5217,0
A,Flight,3,4,147,8,high,M,29,2096,0
A,Road,5,1,217,6,low,M,15,1383,0
B,Flight,4,2,98,10,medium,F,35,4867,1
A,Road,7,4,229,4,high,F,61,5969,1
A,Road,3,3,281,7,high,M,30,2847,1
C,Road,4,5,219,9,high,F,20,3278,1
D,Flight,5,3,228,4,low,M,36,1783,1
A,Road,4,1,107,4,high,M,56,2992,1
D,Flight,6,2,171,3,low,F,51,3023,1
A,Flight,4,5,113,6,medium,F,47,1483,0
F,Flight,3,1,198,8,medium,M,24,1664,0
A,Ship,3,2,277,9,low,F,55,2356,1
A,Ship,7,3,185,4,high,F,52,2574,1
F,Ship,3,1,302,6,medium,M,48,5616,1
B,Road,5,1,242,2,low,M,52,3130,1
B,Flight,5,2,300,9,high,M,4,2957,0
D,Flight,4,2,123,5,low,M,29,4738,0
F,Ship,6,2,258,4,medium,F,53,5449,0
D,Ship,4,3,191,8,high,M,41,4834,1
D,Road,2,5,179,8,medium,M,63,5068,0
A,Flight,5,4,209,5,medium,M,5,4607,1
D,Flight,2,2,299,5,low,F,4,1986,0
B,Ship,4,4,268,5,low,F,48,5867,1
A,Ship,5,4,250,6,medium,F,4,1310,0
C,Ship,2,1,221,10,medium,M,43,3183,1
B,Flight,7,1,291,2,medium,M,27,4501,0
A,Flight,7,1,200,4,medium,M,11,2728,1
A,Flight,3,1,284,4,low,F,45,1442,0
F,Ship,2,4,194,10,high,F,61,3912,1
F,Flight,4,1,135,2,low,M,23,3147,1
D,Ship,2,2,286,6,medium,M,4,2506,0
C,Ship,2,4,119,4,high,F,5,2809,1
F,Ship,5,5,204,7,high,M,25,2856,0
F,Ship,5,5,227,7,high,F,12,1915,0
D,Ship,6,3,288,3,medium,F,29,1979,1
D,Ship,5,2,279,8,medium,F,53,5933,1
F,Ship,3,1,112,10,high,F,3,4578,1
A,Ship,7,2,181,6,medium,M,39,2604,0
D,Road,2,5,302,5,high,F,10,4381,1
A,Ship,3,5,211,4,low,F,61,4971,1
B,Road,7,3,296,8,low,F,22,4070,0
F,Ship,5,3,179,9,medium,M,46,4833,1
C,Ship,6,4,200,4,medium,M,8,1722,0
F,Flight,5,3,184,2,low,F,37,1046,0
D,Road,2,5,136,10,medium,F,42,4609,0
B,Road,2,1,251,10,high,F,15,1664,1
B,Ship,6,4,167,7,low,M,35,2094,0
A,Flight,3,5,119,10,medium,F,40,1260,1
D,Ship,2,1,245,5,high,M,34,3670,0
B,Flight,4,4,121,2,medium,M,7,3883,1
B,Ship,6,3,291,4,high,F,42,2494,0
A,Ship,5,3,210,6,low,M,63,4955,1
D,Flight,3,1,99,6,high,M,61,5699,1
D,Flight,6,3,111,2,low,F,30,1959,1
D,Flight,7,3,183,3,low,F,24,1899,1
A,Ship,3,4,126,7,high,M,4,1719,0
A,Ship,3,1,215,9,high,F,27,4605,1
F,Flight,4,4,138,5,medium,M,52,3936,0
A,Ship,6,4,153,10,high,F,24,4579,1
D,Ship,5,5,281,2,medium,M,33,3875,0
D,Road,6,1,161,6,low,M,49,1094,0
C,Road,5,1,259,10,high,M,36,4769,0
C,Road,7,2,284,7,medium,M,25,3832,0
A,Ship,5,3,285,10,medium,M,19,5616,0
F,Flight,2,1,217,4,high,M,16,2844,1
F,Road,3,2,135,5,low,F,20,4592,1
D,Ship,7,4,179,5,medium,M,6,4658,1
D,Flight,7,1,106,6,low,M,18,5191,0
A,Road,2,4,259,10,high,F,12,4479,1
A,Flight,2,3,155,10,high,F,56,2833,1
C,Flight,5,5,194,4,medium,F,36,1065,1
A,Ship,4,1,162,8,medium,F,60,4154,0
C,Ship,4,1,259,2,low,F,60,2857,1
D,Ship,2,2,146,4,low,F,4,5084,1
B,Flight,3,3,177,3,high,M,57,3451,0
D,Ship,6,2,123,4,high,F,32,3431,0
A,Ship,7,1,209,2,high,F,57,5639,1
B,Flight,6,2,250,3,high,F,10,3519,1
B,Ship,6,5,201,8,low,F,15,1210,0
D,Flight,2,5,134,8,medium,M,13,1560,1
B,Road,3,4,144,9,low,M,26,1842,1
A,Ship,3,5,252,6,high,M,19,1887,1
D,Ship,4,5,237,3,low,M,29,4225,1
F,Ship,7,5,294,5,low,M,31,2687,0
F,Flight,6,5,285,9,low,M,47,3288,1
F,Flight,3,5,117,4,high,M,22,5810,1
C,Road,3,2,292,9,low,F,60,5430,1
B,Flight,4,5,96,8,medium,M,25,5324,1
D,Flight,5,1,138,5,high,M,7,2177,0
C,Ship,4,3,102,10,medium,M,41,4391,1
B,Flight,7,2,268,10,medium,M,14,3407,1
F,Road,2,3,273,3,high,F,45,2397,0
C,Flight,4,2,228,8,high,M,39,4599,1
B,Road,5,5,172,3,low,M,42,2260,0
F,Flight,7,5,126,6,medium,M,34,2916,0
F,Road,2,3,300,10,low,F,64,5485,0
D,Flight,5,5,284,6,high,F,61,2019,0
D,Ship,3,1,164,2,high,M,10,4142,0
D,Road,3,3,204,7,low,M,5,1324,1
C,Road,7,1,221,7,low,F,17,4765,1
F,Road,7,3,102,4,low,F,12,1934,1
F,Flight,7,2,211,9,high,F,24,2900,1
B,Road,4,5,286,4,low,M,1,1850,0
F,Flight,2,3,164,5,low,M,63,4514,0
B,Flight,7,5,165,5,low,F,38,4081,0
D,Flight,5,4,111,2,high,F,5,3491,0
A,Flight,4,1,209,9,low,F,17,2076,1
C,Flight,2,3,155,6,low,M,18,2829,0
C,Flight,5,5,235,3,high,M,47,2604,1
C,Flight,3,5,118,9,medium,F,60,1965,0
F,Road,3,5,213,8,low,M,40,1562,1
A,Road,6,5,154,2,medium,M,6,2377,1
C,Flight,7,5,281,10,low,M,33,2390,0
D,Ship,6,3,157,5,medium,M,49,3447,0
B,Road,2,4,276,2,high,F,50,2826,1
F,Ship,5,1,227,8,high,M,56,1106,0
F,Flight,4,3,226,9,low,M,62,1561,0
F,Flight,7,5,156,7,high,M,57,3959,1
D,Flight,7,2,300,6,low,F,23,4994,0
D,Ship,2,5,130,2,low,M,5,3084,0
F,Road,5,3,157,7,high,M,28,4245,1
F,Road,6,3,221,9,low,F,46,2783,0
B,Road,5,3,105,7,medium,F,46,4308,1
A,Ship,2,1,210,10,high,F,46,3801,1
C,Road,6,1,170,6,low,M,36,2237,0
D,Flight,3,3,229,10,medium,F,50,5124,1
A,Road,6,1,107,8,medium,M,27,2693,1
B,Road,4,4,111,3,medium,M,16,5346,0
D,Road,3,5,296,8,low,M,52,3953,0
F,Road,5,2,136,6,medium,F,12,1566,1
D,Ship,5,3,93,7,high,M,31,1257,1
D,Road,2,2,144,8,high,M,51,4302,0
B,Ship,2,4,241,4,high,M,34,5305,0
B,Flight,3,2,112,9,medium,F,38,1684,0
F,Road,7,5,290,3,high,M,13,5347,1
B,Flight,7,1,265,3,low,M,44,4930,0
F,Flight,7,2,161,4,high,F,60,3935,1
A,Road,4,3,244,7,medium,F,3,2248,0
B,Road,4,1,143,3,high,F,44,1812,1
F,Flight,4,5,186,6,medium,F,61,4833,0
F,Road,6,3,270,5,low,F,22,5591,0
A,Flight,2,5,218,4,medium,M,55,1044,0
F,Flight,7,2,100,4,low,F,34,2027,1
A,Ship,3,3,276,7,high,F,41,4859,0
D,Road,7,3,187,9,high,F,40,2814,0
B,Flight,3,5,301,8,high,M,40,1791,1
C,Flight,2,5,294,4,low,F,36,4187,0
D,Road,2,2,255,4,high,M,8,5105,1
F,Road,2,1,254,4,high,M,51,4526,1
C,Flight,2,2,165,4,medium,F,56,3262,1
B,Ship,6,2,172,3,low,M,2,1753,1
D,Flight,4,2,214,6,medium,F,3,2955,0
F,Ship,3,1,281,6,low,F,49,3527,0
A,Road,5,3,138,4,medium,M,36,3542,0
D,Ship,5,3,288,8,medium,M,4,3031,0
F,Road,3,4,162,8,low,M,42,3007,1
F,Ship,6,3,123,6,low,M,40,1139,1
D,Road,5,1,238,9,medium,M,25,1830,0
F,Ship,5,1,273,8,high,M,34,4362,1
C,Road,3,4,150,8,medium,F,8,3206,0
C,Flight,6,5,221,3,high,F,53,1392,0
B,Flight,5,1,152,6,high,F,51,1190,1
C,Ship,7,1,208,7,high,F,12,4245,1
C,Road,6,5,228,10,medium,M,23,4755,0
D,Road,7,4,116,6,medium,M,26,2771,0
D,Flight,4,5,271,4,medium,F,17,3570,1
D,Flight,2,2,207,9,low,F,15,4309,0
B,Ship,7,3,269,9,medium,F,18,4241,0
C,Flight,7,3,97,7,low,M,53,1074,0
D,Flight,4,5,254,6,low,F,29,4383,0
C,Ship,4,2,97,3,low,M,13,2847,0
F,Flight,2,1,235,5,medium,F,28,4956,0
D,Flight,4,1,184,5,medium,M,41,3546,1
F,Road,3,2,279,8,medium,M,55,3108,1
B,Flight,7,3,109,2,high,F,1,5914,0
C,Flight,7,1,208,7,low,M,45,3789,0
F,Flight,3,4,232,5,low,M,5,3477,1
B,Ship,2,2,264,9,high,M,11,3802,1
C,Road,6,1,258,8,medium,M,34,2242,1
B,Flight,3,1,214,5,low,M,24,1005,1
C,Flight,5,2,231,9,low,M,12,5045,0
C,Ship,5,5,110,8,high,F,5,3206,1
A,Ship,6,1,256,2,high,M,19,1441,1
F,Road,7,1,308,10,low,F,31,1831,0
D,Ship,2,3,306,10,high,F,33,4126,1
C,Flight,5,1,126,2,high,F,60,2353,0
B,Ship,2,5,122,5,low,F,32,2365,0
D,Road,3,2,262,7,medium,M,40,3775,1
B,Flight,5,1,226,10,high,F,10,5003,1
C,Road,6,3,119,3,low,M,18,3396,0
C,Flight,2,4,94,7,high,F,23,2432,1
A,Ship,2,2,261,3,medium,M,23,3602,0
B,Flight,7,3,179,5,medium,F,61,3778,1
C,Flight,7,1,172,7,high,M,49,3789,0
A,Flight,5,5,299,3,low,F,40,5627,0
D,Flight,4,3,172,2,high,F,15,5811,0
A,Ship,5,5,162,2,high,F,6,2433,1
D,Ship,4,5,101,2,medium,M,32,1972,0
B,Road,2,2,128,8,low,F,50,4101,1
F,Road,5,3,204,5,medium,M,15,1698,0
D,Flight,4,3,308,7,medium,F,55,1355,1
D,Flight,5,5,180,7,low,F,10,3780,1
A,Ship,6,4,239,2,low,F,22,2100,0
D,Flight,5,4,288,6,high,F,1,4877,1
A,Ship,2,2,205,10,medium,F,37,3053,1
B,Ship,5,1,98,2,medium,F,12,3977,0
C,Flight,4,3,182,10,low,F,13,3219,1
C,Road,2,2,260,10,low,F,23,2200,1
C,Flight,5,2,256,8,high,F,9,1510,0
B,Ship,3,2,307,5,high,F,64,1345,0
D,Ship,3,4,216,3,low,M,41,5404,1
F,Flight,3,5,206,10,medium,F,45,4223,1
D,Road,4,3,94,10,medium,M,49,4297,0
F,Road,5,4,174,8,low,F,22,2069,0
A,Road,4,1,164,4,high,F,6,1039,0
B,Flight,5,5,296,9,medium,F,33,1630,1
C,Flight,3,4,223,4,medium,M,54,2054,1
F,Flight,4,3,273,3,medium,F,40,1643,0
D,Flight,4,1,110,3,low,F,29,2892,0
C,Ship,2,4,150,9,high,F,59,4370,0
C,Road,2,1,236,8,low,F,63,4797,0
D,Ship,4,1,120,5,low,F,58,4148,0
B,Road,3,1,200,9,high,M,40,2668,1
F,Ship,7,4,231,10,high,M,4,4504,1
D,Road,5,2,105,7,low,F,15,4766,0
F,Road,6,2,166,2,medium,M,30,2330,1
C,Flight,3,5,226,3,low,F,10,4086,0
B,Ship,4,3,187,4,high,F,31,1658,0
A,Flight,4,5,103,6,low,F,49,3199,0
A,Ship,7,1,142,6,medium,F,1,3624,1
D,Flight,7,5,261,5,medium,F,14,5776,0
A,Ship,2,3,107,8,high,M,41,1048,1
D,Ship,7,5,107,2,medium,F,16,2182,0
A,Ship,2,5,165,5,high,F,3,5033,1
F,Road,2,3,214,2,high,F,42,3848,1
D,Ship,4,2,193,7,high,F,25,5724,0
C,Flight,5,3,92,7,high,M,29,1419,1
D,Flight,4,1,109,9,high,M,44,2047,1
A,Road,6,2,161,5,low,M,1,2266,1
F,Flight,3,3,134,6,high,F,49,1762,1
A,Road,7,4,169,5,medium,M,18,5026,1
B,Ship,5,1,178,4,medium,M,55,5509,0
C,Road,3,4,204,9,medium,F,24,3246,0
F,Flight,6,3,304,10,high,M,20,1892,1
F,Flight,3,3,142,10,medium,M,3,1404,0
D,Flight,3,1,229,3,high,F,4,3884,0
D,Ship,2,2,109,8,medium,M,4,1887,0
D,Ship,3,5,132,2,medium,F,15,2896,0
C,Flight,3,4,242,7,medium,M,38,3991,1
A,Flight,5,1,293,7,high,M,51,3994,1
B,Flight,3,4,168,5,low,M,41,4382,0
C,Flight,5,5,290,3,low,F,11,4672,1
A,Ship,3,4,291,2,low,M,33,4712,1
B,Flight,2,3,309,8,high,M,37,4337,1
D,Road,4,1,207,5,medium,M,57,2985,1
A,Flight,5,4,207,2,low,F,62,2383,0
D,Ship,6,2,120,4,medium,M,5,5872,1
F,Flight,2,1,189,9,high,M,13,3692,1
C,Ship,3,2,112,6,low,F,25,4804,1
B,Ship,5,3,295,8,low,M,58,3582,0
A,Road,2,1,132,4,medium,M,43,3757,1
C,Flight,3,2,199,8,low,M,32,1580,0
A,Flight,7,3,211,8,low,F,14,4727,1
F,Road,5,4,278,8,high,F,19,3994,1
F,Ship,6,4,136,8,medium,M,30,3913,0
D,Ship,2,3,229,6,medium,F,21,3521,0
B,Ship,6,4,247,2,high,M,46,3886,0
C,Road,7,2,161,10,medium,F,41,5356,0
F,Ship,5,1,255,5,high,F,33,2976,0
F,Flight,4,4,160,6,medium,M,5,4602,1
B,Road,4,2,194,8,high,F,19,4722,1
F,Ship,5,4,137,3,high,M,11,3497,1
D,Flight,2,1,137,2,low,M,10,3251,0
F,Flight,5,1,214,10,medium,M,18,4120,1
A,Road,7,5,167,10,low,F,28,4825,0
B,Flight,5,4,277,7,medium,M,34,3389,1
D,Flight,5,1,186,9,medium,F,30,3713,0
B,Road,3,5,214,5,medium,M,58,4980,1
D,Ship,4,3,129,2,low,F,59,1913,1
F,Flight,3,4,170,10,medium,F,4,1346,0
F,Road,7,5,208,2,medium,F,43,4160,0
A,Ship,6,1,293,6,low,F,28,4273,1
A,Ship,2,3,99,9,medium,F,60,4426,0
D,Road,3,1,278,5,medium,F,9,5791,0
A,Road,3,1,203,9,medium,F,35,5420,0
D,Road,2,1,189,3,low,F,35,1314,0
D,Road,2,1,188,8,high,F,55,2861,1
D,Ship,4,5,279,7,low,M,48,4829,0
B,Road,6,1,228,3,medium,F,64,3167,1
A,Ship,7,3,293,8,medium,M,31,4306,1
F,Ship,6,2,280,6,high,F,49,3493,1
B,Road,4,1,263,4,low,F,5,4401,0
D,Road,7,1,156,2,high,M,38,2886,0
D,Flight,5,2,290,4,medium,M,50,4183,0
C,Flight,3,4,98,8,low,M,9,3413,1
A,Flight,5,5,295,2,low,F,39,3441,0
B,Road,3,5,233,2,low,F,39,2488,1
A,Ship,2,5,153,9,low,F,21,2870,0
B,Flight,7,1,252,5,high,F,41,4048,0
D,Road,7,3,255,6,medium,F,32,5067,1
C,Road,7,3,290,3,low,M,21,4623,0
B,Flight,6,5,178,8,low,M,5,2001,1
C,Road,3,5,165,5,medium,F,60,2937,0
D,Road,2,1,261,4,medium,M,34,1189,0
C,Road,2,2,254,8,medium,F,59,5027,1
A,Road,4,3,247,8,low,M,60,3953,0
C,Ship,4,4,265,4,low,M,17,5056,0
A,Flight,5,5,92,2,low,M,60,4847,1
D,Road,6,3,131,7,high,M,63,4008,1
D,Ship,4,1,170,9,high,F,3,1773,1
D,Ship,3,2,220,5,medium,M,2,4537,1
B,Road,4,4,187,10,high,F,33,2040,1
D,Road,7,4,295,6,medium,M,51,5803,0
B,Flight,3,3,307,8,medium,F,4,2622,0
F,Ship,7,4,240,6,high,F,51,3835,1
F,Flight,3,4,151,10,medium,M,6,1238,1
F,Road,2,2,280,3,high,F,36,1411,1
F,Flight,3,2,278,8,high,M,25,2237,1
A,Ship,5,2,267,8,high,M,7,5543,1
D,Flight,6,3,202,4,low,F,24,2857,0
B,Ship,5,2,213,4,low,M,42,2032,1
A,Road,4,1,186,10,medium,M,26,5027,0
C,Ship,6,2,150,8,low,M,42,4572,1
C,Road,7,3,229,7,high,F,31,1481,0
C,Ship,7,5,256,7,high,M,57,2055,0
B,Road,5,3,215,10,medium,M,39,5885,0
A,Road,3,1,212,4,high,F,26,4693,0
F,Flight,2,3,165,6,high,F,64,2777,1
C,Flight,3,2,194,8,medium,F,12,3495,0
A,Flight,7,2,306,6,high,F,48,4560,0
B,Road,7,2,200,2,low,F,55,5155,1
A,Ship,4,3,197,7,low,F,7,2615,0
C,Flight,5,1,204,2,high,F,11,1197,0
A,Road,3,3,144,9,low,M,21,5249,1
C,Flight,4,2,200,9,high,M,9,3996,0
B,Flight,6,2,156,7,high,F,22,4477,0
F,Road,4,1,215,9,low,F,54,3016,0
F,Road,5,3,300,10,medium,F,5,5047,0
A,Road,4,1,99,8,high,M,28,4608,0
B,Flight,2,4,240,4,high,F,62,3203,0
A,Ship,4,4,170,3,low,M,46,2889,1
C,Ship,5,1,175,3,medium,F,16,5921,0
C,Ship,3,2,199,5,high,F,2,2930,0
D,Flight,2,1,157,3,low,F,37,2062,0
C,Flight,3,1,176,7,low,M,25,5598,1
A,Ship,2,5,105,9,high,M,41,1485,1
D,Flight,6,5,169,9,low,F,30,4894,1
A,Flight,2,3,253,10,low,M,21,1766,0
D,Flight,3,5,211,2,medium,F,32,2669,1
C,Road,6,4,295,6,high,M,52,2948,0
D,Ship,7,3,184,2,medium,F,34,3021,1
C,Road,6,4,228,6,medium,M,13,4615,1
A,Ship,4,3,212,8,low,F,33,3560,1
D,Ship,7,2,220,2,high,F,15,3071,1
A,Ship,4,2,296,3,low,M,63,1761,1
B,Ship,2,1,177,2,medium,F,16,4554,0
A,Ship,3,3,174,8,low,F,49,4087,1
B,Flight,6,2,120,7,high,F,22,4701,0
C,Ship,6,3,102,9,medium,M,32,2434,0
D,Ship,5,3,154,7,medium,M,47,3982,1
F,Flight,5,1,140,2,low,M,49,2973,0
D,Ship,5,3,201,10,low,F,4,5009,1
C,Flight,7,5,223,5,high,M,53,5600,1
D,Ship,6,5,273,3,low,F,23,2587,0
D,Ship,6,4,118,6,low,M,36,3937,0
A,Ship,5,3,300,2,medium,M,54,4732,0
D,Ship,4,1,147,5,low,M,58,1849,1
C,Flight,7,2,200,3,medium,F,19,4468,1
B,Ship,4,5,253,6,low,F,25,3125,1
D,Flight,5,5,124,9,low,M,62,4829,1
A,Ship,4,3,179,5,high,F,56,3289,1
F,Road,2,3,237,2,medium,F,25,5485,1
A,Flight,3,1,309,7,medium,F,54,3882,1
C,Road,7,3,183,2,low,F,55,3867,1
F,Ship,3,1,150,8,high,F,63,1722,1
C,Flight,5,4,92,10,low,M,14,1157,0
A,Flight,3,5,234,8,low,F,28,1581,1
D,Ship,7,1,156,2,medium,M,16,2843,0
D,Ship,5,1,165,5,high,M,34,1414,1
C,Flight,5,4,237,4,high,M,52,4123,0
F,Road,5,3,92,2,low,F,38,5377,0
D,Road,7,4,154,4,low,M,27,2927,1
B,Flight,5,1,211,3,high,F,37,2159,0
B,Road,3,5,185,5,low,F,52,3190,0
D,Flight,6,1,92,4,medium,M,19,1630,1
C,Flight,3,4,219,7,low,F,56,5757,1
C,Road,6,5,249,6,low,F,58,2326,1
C,Ship,7,4,211,2,low,F,61,1109,1
F,Flight,2,4,177,9,low,F,58,2156,0
A,Road,2,2,161,4,medium,M,19,5355,1
C,Road,7,3,176,8,medium,M,6,3272,0
D,Flight,7,5,212,6,low,M,41,1618,0
F,Road,5,3,179,5,medium,F,64,4870,0
B,Flight,7,2,111,7,low,M,49,3154,0
B,Road,6,2,291,5,medium,F,21,1064,0
A,Ship,6,3,114,3,high,F,3,2691,1
D,Ship,4,4,135,9,medium,F,37,5280,1
B,Ship,6,3,283,5,low,M,62,2588,0
B,Ship,6,4,284,8,medium,M,44,5365,1
A,Ship,2,3,198,7,medium,M,32,5272,1
A,Road,3,3,234,7,medium,M,49,3885,1
C,Road,5,1,205,10,medium,F,36,2407,1
D,Flight,7,2,292,5,low,F,13,2731,0
D,Road,6,4,282,7,high,F,41,1734,1
B,Flight,4,1,262,3,medium,M,25,4933,1
F,Flight,7,4,264,3,high,F,14,1657,0
A,Road,2,1,133,9,medium,F,15,1243,0
F,Flight,4,4,138,5,medium,M,30,2679,0
F,Ship,4,4,142,5,high,F,13,5932,1
F,Ship,4,5,197,4,high,F,5,4862,0
F,Ship,6,1,248,9,low,M,46,1722,0
D,Flight,4,5,227,10,low,F,35,1901,1
D,Road,7,1,180,6,low,F,20,2166,0
D,Ship,3,5,164,9,high,M,39,4187,1
A,Ship,7,3,144,4,low,F,32,3411,0
A,Ship,2,2,188,7,low,F,32,4113,0
D,Ship,5,5,277,7,high,F,20,4952,0
A,Ship,5,4,225,10,high,F,63,2443,0
D,Ship,3,1,262,6,low,M,41,4068,1
C,Flight,3,3,116,6,high,F,40,4372,1
D,Ship,7,4,282,4,low,M,54,3579,1
A,Road,3,2,253,10,medium,F,44,3139,0
B,Road,6,3,182,9,high,M,41,1279,1
D,Flight,4,5,121,4,high,F,22,5003,1
B,Road,4,5,286,6,high,M,26,2317,0
B,Road,4,4,157,3,medium,F,56,5882,0
D,Road,5,2,210,2,low,F,32,4135,0
D,Flight,2,1,247,7,low,F,17,1124,1
B,Ship,6,4,152,3,high,F,2,1025,0
D,Ship,7,1,106,4,low,F,42,4592,1
A,Road,6,2,217,4,high,F,7,2025,0
C,Flight,5,3,109,2,high,M,11,1742,0
D,Flight,7,4,225,5,low,M,10,4940,1
C,Ship,6,3,169,4,low,M,24,1991,0
F,Ship,2,2,215,4,medium,M,55,3108,1
B,Road,7,3,256,3,low,M,10,5582,1
B,Flight,6,2,169,9,high,M,12,3178,1
D,Road,3,1,102,4,high,M,63,4144,0
A,Flight,7,2,242,3,high,F,49,2901,0
D,Road,3,2,239,8,low,M,18,2054,0
C,Ship,4,3,197,2,low,F,15,5889,1
F,Road,6,3,198,4,medium,F,49,4845,1
C,Ship,6,1,150,9,medium,M,8,1095,0
C,Ship,6,1,145,8,medium,M,56,5599,0
D,Road,2,4,169,2,low,F,49,1332,1
C,Ship,3,5,122,2,high,M,4,5081,1
D,Ship,2,2,150,2,medium,F,34,1437,1
B,Road,5,2,123,7,high,M,14,5684,0
A,Ship,6,4,192,3,medium,M,5,1031,1
A,Ship,6,1,296,10,high,F,42,4013,0
F,Road,6,5,104,2,low,F,29,5389,0
A,Road,3,2,117,6,low,M,5,5459,1
F,Road,4,3,183,2,medium,M,22,5739,0
F,Ship,2,3,284,9,medium,M,46,1706,1
F,Road,6,3,281,2,high,F,39,4064,1
C,Flight,2,5,134,6,low,F,39,1411,1
F,Flight,4,5,303,8,high,M,41,4244,1
D,Ship,2,5,189,2,medium,F,54,3473,1
C,Flight,5,2,117,7,high,M,11,2804,0
D,Flight,6,2,275,8,medium,F,42,4608,1
B,Road,7,5,286,6,high,F,39,5634,1
B,Flight,2,2,213,2,high,F,43,3661,0
C,Road,5,1,127,10,high,M,60,4218,1
F,Road,7,4,188,4,medium,F,64,4611,0
C,Ship,7,1,170,5,high,F,59,1079,1
B,Road,3,3,202,2,high,F,14,5291,0
A,Road,2,4,273,6,low,M,26,3570,1
C,Flight,7,1,210,4,medium,M,22,3325,0
D,Flight,6,5,121,9,medium,F,29,5327,1
A,Ship,7,3,231,2,low,M,44,3243,1
C,Flight,6,4,218,3,low,F,7,5663,0
D,Road,3,2,246,6,high,F,17,4398,0
C,Road,3,1,233,5,medium,M,34,4809,0
F,Road,3,3,156,7,medium,M,47,5427,1
B,Ship,7,1,213,5,medium,M,45,4116,0
C,Road,7,2,114,3,high,M,54,5016,0
B,Road,7,3,275,8,low,F,51,1148,1
C,Ship,3,1,113,4,low,M,24,5955,1
B,Road,6,2,217,10,high,M,10,4249,1
C,Ship,2,3,121,2,low,M,14,4546,1
C,Ship,7,2,118,9,medium,M,39,5988,0
C,Flight,2,2,251,9,medium,M,31,2441,1
A,Road,7,1,259,2,low,F,54,1011,1
B,Flight,2,3,208,9,medium,M,4,5380,1
A,Ship,4,5,262,7,medium,M,57,1285,1
B,Ship,6,5,248,7,high,F,12,2354,0
F,Road,6,2,222,8,low,F,24,2596,1
B,Flight,2,1,197,10,high,M,16,3802,0
B,Road,2,2,247,10,high,M,61,3377,1
A,Road,2,5,163,7,low,F,32,5961,1
F,Road,4,4,232,2,medium,M,51,1980,1
B,Road,2,4,133,4,medium,M,24,3199,1
B,Road,3,2,91,6,low,F,34,5143,1
B,Ship,4,1,205,9,medium,M,39,1870,0
A,Flight,4,2,207,4,high,F,14,4397,0
C,Road,2,2,95,2,low,M,7,3882,1
C,Ship,4,2,197,3,medium,M,24,4742,1
D,Ship,6,3,266,6,low,F,4,3034,1
C,Road,6,5,136,8,medium,F,58,5097,1
C,Road,3,2,218,4,high,F,62,2391,0
A,Flight,4,5,164,3,medium,M,41,5336,1
C,Road,6,3,284,4,low,F,37,2499,1
B,Flight,3,4,252,8,medium,F,11,2017,0
B,Ship,4,1,257,3,high,F,41,2128,1
D,Ship,3,2,226,10,low,F,59,2048,0
D,Road,3,2,285,7,medium,M,64,3880,0
D,Flight,6,3,207,8,high,M,21,5784,0
D,Road,2,3,222,5,high,M,2,4489,1
F,Flight,2,5,159,10,high,F,57,3408,0
F,Ship,3,5,185,9,high,M,2,3116,0
B,Road,4,4,273,8,low,M,29,3979,1
D,Road,7,3,252,5,medium,M,34,4334,1
A,Road,7,4,115,8,high,F,15,4986,1
F,Ship,2,4,206,6,medium,M,32,5922,0
C,Flight,3,4,246,2,low,F,28,5089,1
A,Ship,6,1,202,4,low,M,22,2898,1
F,Road,5,5,133,4,low,M,47,1254,1
D,Flight,5,4,97,4,medium,F,44,4206,1
C,Ship,3,2,217,6,low,F,23,1553,1
B,Ship,5,5,136,10,high,M,17,4813,0
F,Road,2,5,185,9,medium,F,18,4586,0
B,Road,2,3,309,6,medium,M,37,3453,1
D,Road,3,4,271,9,low,F,9,1320,1
A,Ship,7,5,254,9,low,F,60,4720,1
F,Road,2,4,268,6,medium,F,42,3060,0
D,Ship,6,1,238,7,medium,M,41,5619,1
B,Flight,6,1,205,9,medium,M,27,5704,0
D,Flight,6,3,140,8,high,F,41,5520,0
C,Road,2,4,293,6,medium,F,43,2146,1
F,Ship,2,4,104,6,low,M,45,2090,0
F,Road,3,1,240,5,medium,F,26,5781,0
F,Road,7,3,291,5,medium,F,5,3586,0
B,Road,4,2,170,9,low,M,21,4017,0
D,Flight,3,2,154,6,medium,F,18,2431,0
B,Road,5,3,122,5,medium,F,38,4633,1
F,Road,2,4,110,2,low,M,47,5745,1
B,Ship,7,3,198,5,low,F,35,5227,0
A,Road,7,4,180,8,low,M,24,1282,0
F,Flight,2,2,154,10,medium,M,57,5494,0
F,Ship,5,3,270,7,high,F,52,3163,0
C,Flight,6,1,102,7,low,M,30,3953,1
A,Flight,6,5,106,9,low,F,33,1722,0
F,Road,5,3,259,4,low,F,31,5967,1
C,Ship,5,2,276,9,low,F,33,5145,0
D,Ship,7,2,265,9,high,F,33,2388,1
A,Road,3,2,250,4,low,M,7,4272,1
C,Ship,7,2,286,8,high,F,58,1255,0
F,Flight,6,4,108,9,high,F,17,4826,0
A,Ship,3,1,209,8,high,M,3,5795,0
D,Flight,6,4,283,8,medium,F,11,3230,0
D,Road,2,1,181,4,high,M,40,3578,1
B,Road,3,3,308,9,high,M,62,2508,0
A,Flight,2,5,230,10,high,M,29,4016,0
F,Flight,2,4,269,2,low,F,11,5062,0
B,Flight,3,4,161,7,medium,F,16,4717,0
D,Flight,4,5,101,10,high,F,16,5149,1
F,Flight,4,3,164,6,low,F,50,1240,0
F,Flight,7,5,258,6,high,F,19,3692,0
C,Flight,6,1,244,7,low,F,36,5817,1
A,Ship,5,5,263,10,high,M,45,1951,0
B,Flight,6,5,145,3,high,F,11,2097,1
F,Road,2,3,111,4,low,M,61,1456,1
B,Ship,2,3,160,9,low,F,6,4068,1
B,Flight,2,2,115,5,high,M,10,5751,0
C,Road,3,3,278,2,high,F,51,5925,1
B,Road,3,4,253,8,high,F,48,4118,1
B,Ship,7,2,125,6,low,M,57,4908,1
C,Flight,4,3,163,10,high,M,59,1425,1
C,Ship,4,3,291,6,high,F,19,4535,1
B,Road,6,4,160,8,low,F,8,3615,0
A,Flight,6,5,202,7,medium,F,12,2123,0
C,Flight,3,2,210,2,high,F,61,3387,0
B,Ship,2,5,286,7,medium,M,60,4132,1
F,Flight,3,4,213,5,high,M,7,2662,0
A,Flight,2,2,239,2,high,M,56,1117,0
D,Road,6,2,119,3,high,F,28,1093,1
B,Ship,4,4,190,7,high,M,33,2260,0
B,Flight,4,4,251,5,high,F,26,4270,0
A,Flight,2,2,185,6,high,F,59,3454,1
C,Ship,4,5,274,3,low,M,30,2472,0
B,Flight,3,5,242,7,low,F,60,4386,1
C,Flight,6,3,174,10,medium,M,49,5493,0
D,Road,7,2,297,6,high,M,18,3294,1
D,Road,6,5,294,8,high,F,11,4832,1
C,Ship,5,4,116,3,low,M,6,2840,1
C,Road,3,4,121,8,high,F,7,1052,1
B,Flight,5,3,206,6,medium,F,33,4023,0
D,Flight,2,3,157,5,low,F,47,3395,0
C,Flight,7,4,186,2,medium,F,7,3222,0
F,Ship,4,4,238,8,high,M,15,5741,1
D,Ship,5,5,123,3,low,F,7,2187,0
F,Flight,7,1,236,4,medium,M,3,4480,0
A,Road,3,4,273,6,low,M,52,3696,0
F,Ship,6,5,143,6,high,M,14,5522,1
C,Ship,7,4,241,4,high,M,42,4683,0
C,Road,7,2,189,8,high,M,53,5947,1
A,Road,6,5,154,9,medium,F,36,1907,0
C,Road,7,2,103,7,high,F,34,1865,0
C,Road,6,5,262,5,medium,F,41,4456,0
C,Ship,5,3,300,10,low,M,53,4738,1
F,Ship,3,1,298,8,high,F,48,5279,1
A,Road,4,2,121,4,medium,M,10,3195,1
B,Ship,5,3,246,3,low,M,22,5618,1
C,Ship,6,4,104,3,medium,F,62,2596,1
F,Flight,3,1,208,4,low,F,36,5229,1
F,Flight,4,1,159,6,high,F,38,4609,0
C,Ship,4,4,273,2,medium,M,3,1981,0
C,Road,2,2,191,9,low,F,26,5165,0
B,Ship,5,3,99,4,low,M,11,2863,1
A,Ship,7,2,305,2,medium,F,10,3434,1
B,Road,6,5,109,6,low,M,31,5572,0
D,Flight,3,5,234,2,medium,M,52,3112,1
F,Ship,4,3,260,5,high,F,44,4518,1
C,Road,5,2,244,9,low,M,46,2671,1
B,Road,4,2,102,3,low,M,49,5758,1
C,Road,7,5,303,8,medium,M,22,1229,0
A,Ship,3,5,212,6,medium,F,44,4186,1
B,Road,7,5,247,6,low,F,57,1686,0
F,Flight,4,4,237,6,low,F,53,4282,0
C,Road,5,2,169,3,low,F,3,4445,1
C,Road,3,5,109,7,high,F,13,4991,1
C,Road,3,5,223,8,low,M,22,1707,0
F,Flight,2,1,143,10,high,M,47,5091,0
B,Ship,5,2,154,9,low,F,38,1911,1
F,Flight,2,5,248,5,medium,F,9,2234,1
D,Ship,7,3,229,3,low,M,57,2221,1
C,Ship,5,4,302,9,low,M,28,4638,1
A,Road,5,1,168,10,high,F,36,3974,0
F,Ship,6,1,170,10,high,F,1,1104,0
B,Flight,6,4,288,7,low,F,10,5856,1
A,Flight,3,5,102,3,low,F,23,4049,0
A,Ship,5,5,260,8,medium,F,29,3669,1
B,Road,6,5,293,10,low,M,1,5014,1
D,Road,4,3,206,7,medium,M,20,1154,0
F,Ship,2,5,268,4,medium,M,1,4781,1
C,Flight,2,1,275,8,low,M,40,5156,0
D,Road,7,1,174,5,low,M,36,5567,0
A,Flight,7,2,273,9,medium,F,12,3337,1
A,Road,7,3,185,7,high,M,53,3246,1
A,Flight,2,2,244,8,medium,M,39,3017,0
B,Road,2,3,108,9,low,F,29,5735,0
C,Ship,6,2,131,5,medium,F,62,2709,1
F,Flight,6,3,179,4,medium,F,47,5648,1
B,Ship,6,4,271,9,low,F,46,2022,0
A,Ship,6,1,265,10,low,F,35,2430,0
F,Road,2,5,109,6,medium,M,27,2520,0
F,Flight,2,4,177,10,low,F,41,4516,0
F,Road,6,5,122,10,medium,F,21,5382,1
A,Ship,5,1,115,10,medium,F,42,3766,1
B,Ship,4,5,260,9,low,F,10,5957,1
B,Flight,2,1,156,4,low,M,51,2897,0
D,Ship,5,5,259,4,high,M,35,1945,1
B,Road,4,1,249,5,medium,F,45,1268,0
D,Ship,7,2,248,2,medium,M,27,1872,0
C,Flight,4,2,195,6,low,M,11,2273,0
B,Road,2,1,257,3,high,M,3,1231,1
D,Flight,7,1,191,5,high,F,64,1867,0
D,Flight,6,4,228,10,low,M,23,5943,1
B,Flight,5,5,97,10,medium,F,38,3339,0
A,Ship,7,5,264,9,low,F,9,2681,1
D,Ship,3,4,201,7,low,F,61,4472,1
B,Road,6,5,213,9,low,F,51,2431,0
D,Flight,3,4,99,8,medium,F,35,3018,1
C,Road,4,4,299,9,high,F,11,1583,1
B,Flight,6,3,141,4,medium,F,42,1151,1
F,Flight,7,3,201,4,low,F,23,4586,1
C,Flight,7,3,309,6,low,F,23,1650,0
C,Ship,5,5,189,7,high,F,9,4065,0
A,Flight,5,1,96,9,high,F,13,5797,1
B,Flight,7,1,136,8,high,M,59,1320,1
B,Ship,4,3,288,9,low,M,19,4853,1
F,Road,5,2,250,3,low,M,59,4737,0
A,Road,6,2,231,3,medium,F,7,2906,0
D,Road,3,5,225,9,medium,F,56,3297,1
A,Road,2,2,98,3,medium,F,55,2510,0
D,Road,4,4,248,4,low,M,52,4218,0
F,Flight,7,5,127,7,high,F,6,1169,1
C,Flight,6,1,287,4,high,M,28,2506,0
C,Flight,6,5,137,4,medium,F,48,5360,1
D,Road,4,5,91,5,low,F,42,2273,1
C,Road,6,5,257,6,medium,M,12,2450,0
D,Road,3,1,220,5,medium,M,49,2602,1
F,Flight,6,2,197,3,high,F,23,1851,0
A,Ship,5,5,265,9,high,M,3,5070,1
A,Road,6,5,272,2,high,M,11,3487,1
C,Ship,3,4,286,3,medium,F,32,4901,1
A,Flight,3,2,105,2,high,M,48,1751,0
A,Ship,7,4,219,9,low,M,5,2826,0
D,Flight,5,3,217,3,high,M,4,2303,0
A,Road,2,4,270,8,medium,F,11,4317,0
C,Ship,7,4,206,5,medium,F,5,4090,0
B,Flight,5,1,167,4,medium,M,38,3814,0
A,Road,2,2,210,10,low,F,6,4229,1
F,Flight,3,3,121,6,low,M,62,2016,0
A,Road,6,1,294,5,high,F,39,5153,1
A,Flight,6,4,297,10,low,M,34,2147,0
F,Flight,6,5,96,4,low,M,60,1824,0
C,Ship,4,5,144,7,low,F,25,4059,1
A,Flight,2,5,141,5,high,F,9,4610,1
B,Road,6,4,225,6,medium,M,25,3330,0
A,Road,3,1,129,3,medium,F,22,4122,0
B,Ship,4,1,288,8,low,F,11,1130,0
C,Flight,4,1,167,3,low,M,33,4985,1
C,Ship,2,2,244,5,medium,M,45,5306,1
B,Ship,7,5,306,10,medium,M,27,4361,1
A,Ship,7,2,179,10,low,F,55,2279,0
A,Flight,7,3,146,8,low,F,13,3877,0
B,Road,7,4,208,7,high,M,27,4486,1
D,Ship,7,1,246,2,high,F,22,4426,0
F,Road,7,4,208,4,low,M,61,2109,1
D,Ship,6,2,297,2,low,M,61,4000,0
D,Road,7,3,224,8,high,M,10,2349,1
F,Road,2,5,101,9,low,M,37,3186,0
B,Flight,2,1,236,4,high,F,11,5591,0
D,Road,5,5,237,9,high,F,43,5756,1
B,Road,6,5,196,4,low,M,15,5002,0
B,Ship,5,5,298,6,low,F,19,1078,1
B,Flight,5,3,143,3,medium,F,38,4805,0
F,Road,6,4,284,5,high,M,50,5593,0
B,Road,4,2,142,5,high,M,19,1506,1
A,Ship,7,5,237,7,high,F,24,1154,0
D,Ship,4,2,166,3,low,F,56,4019,0
B,Ship,6,2,187,5,high,F,36,4834,1
C,Road,5,5,303,8,low,M,53,5220,0
C,Ship,6,4,221,8,low,F,10,2621,1
A,Flight,6,1,207,9,low,F,52,2277,1
B,Road,3,5,141,10,high,M,13,1785,0
A,Ship,2,2,96,6,low,M,17,2314,0
A,Ship,7,3,233,6,medium,F,17,5027,0
F,Flight,6,5,148,6,low,F,11,5053,0
A,Ship,6,2,204,7,low,F,41,2485,1
B,Road,7,2,95,10,low,F,62,2036,0
B,Road,4,1,277,3,high,F,11,5579,1
C,Road,5,1,297,6,low,M,14,1459,1
A,Flight,2,3,103,7,high,F,41,3371,1
A,Ship,6,3,130,6,low,M,48,4915,0
C,Ship,5,3,162,4,medium,M,26,1363,0
D,Ship,5,4,132,5,low,M,36,2689,0
B,Flight,2,2,162,2,medium,M,45,4664,1
B,Road,5,4,183,3,low,M,17,4966,1
F,Road,5,5,186,2,low,M,29,5718,0
C,Road,7,5,143,3,high,F,4,5518,0
C,Ship,7,4,137,7,low,F,11,3131,1
F,Flight,4,5,269,9,low,F,4,1909,0
A,Road,4,1,97,3,low,F,3,5622,1
C,Road,3,5,273,3,high,F,13,3927,1
C,Road,4,5,91,6,low,F,22,5883,1
D,Flight,3,5,274,4,low,M,2,4948,0
F,Road,3,5,112,8,medium,F,16,4937,0
B,Road,6,3,156,7,medium,F,24,2436,1
A,Ship,7,1,184,7,high,M,21,1250,0
C,Ship,6,4,273,4,high,M,17,3860,0
C,Ship,6,4,197,6,medium,M,52,2406,0
D,Ship,2,3,129,2,medium,M,46,5969,0
B,Flight,2,2,306,6,high,F,33,1849,0
C,Ship,7,4,161,6,medium,M,20,2147,1
B,Ship,3,5,255,10,high,F,39,3554,0
A,Flight,6,3,233,5,high,F,45,2519,1
C,Flight,2,4,307,4,high,F,58,4893,0
D,Road,3,5,264,5,medium,M,43,3182,0
F,Ship,7,3,207,10,high,F,59,2783,0
C,Road,7,2,260,9,medium,F,45,3442,1
F,Road,2,1,104,9,high,F,19,4306,0
B,Road,5,1,240,10,medium,F,53,4261,0
C,Road,4,4,189,5,high,F,5,3532,0
F,Road,5,5,231,9,medium,M,10,2411,0
D,Road,4,3,148,8,low,F,24,3222,0
F,Flight,6,3,289,2,high,M,37,2218,0
F,Ship,2,5,130,9,medium,M,29,4317,1
F,Road,3,4,174,10,low,M,62,3707,0
A,Road,5,4,189,5,low,F,3,3027,1
A,Flight,2,2,98,9,high,F,6,1301,0
C,Ship,6,5,103,2,low,M,4,5919,0
C,Road,6,2,254,2,medium,M,23,4737,1
C,Flight,6,5,242,10,high,F,50,1950,0
D,Road,2,2,295,8,low,F,44,3798,1
C,Road,2,4,303,8,low,F,62,5497,1
C,Flight,3,3,114,10,low,M,12,4649,1
F,Flight,6,5,113,7,medium,M,21,3754,1
F,Flight,7,3,228,9,high,F,20,4085,1
A,Road,3,5,146,7,high,M,21,2707,1
D,Road,5,3,108,3,high,F,10,1794,0
D,Flight,4,5,261,2,medium,M,3,1119,1
C,Road,2,3,107,5,high,F,38,2871,1
F,Ship,3,5,160,5,medium,M,20,5341,1
D,Ship,5,2,214,6,medium,F,54,3165,0
A,Ship,3,2,232,7,medium,F,44,2727,1
B,Ship,5,4,261,8,medium,F,38,3034,1
A,Flight,7,4,216,5,medium,M,57,5189,1
D,Road,3,5,280,2,high,F,37,2803,0
B,Ship,4,4,293,9,medium,F,45,2928,0
D,Flight,2,1,275,9,medium,F,21,2428,1
C,Flight,4,4,238,8,low,M,14,5302,0
F,Ship,6,4,224,7,medium,M,52,3669,1
A,Flight,2,5,139,3,low,M,31,2254,1
C,Road,5,1,120,8,high,M,24,3866,1
D,Ship,4,2,288,7,low,M,5,2984,1
F,Ship,3,1,243,10,high,M,64,5309,0
D,Ship,2,2,259,3,low,F,39,4467,1
C,Ship,7,2,278,4,high,M,52,5680,0
B,Flight,6,4,134,2,high,F,25,5381,0
D,Road,5,1,234,3,medium,F,35,1357,0
B,Ship,4,2,241,7,medium,M,40,1052,1
F,Ship,3,2,247,9,low,M,22,1752,0
F,Road,6,2,147,3,medium,F,58,1806,1
B,Ship,6,1,118,2,high,M,12,1295,0
D,Ship,7,5,308,7,high,M,43,3159,0
A,Flight,7,5,286,7,high,M,3,2025,0
F,Road,2,5,210,9,high,M,9,1454,0
C,Road,2,1,101,3,medium,M,34,3280,0
C,Road,6,3,166,4,low,M,42,1148,0
C,Road,7,1,91,6,medium,F,36,3822,0
B,Flight,4,3,136,4,high,F,14,3492,1
C,Road,3,2,160,4,medium,M,18,5554,1
D,Flight,3,1,304,9,high,M,56,3795,0
D,Ship,4,1,240,6,low,F,55,2806,0
A,Road,7,1,218,9,low,F,50,5398,0
D,Ship,6,4,296,4,medium,F,23,4622,1
B,Ship,4,1,250,7,low,F,41,4795,1
F,Flight,2,1,189,2,high,M,42,4463,1
D,Flight,6,4,189,10,high,M,38,5119,0
B,Flight,4,1,186,2,medium,M,63,2249,0
B,Flight,2,2,201,2,high,F,4,1015,1
F,Flight,5,2,297,3,low,M,15,5818,0
F,Road,3,1,211,2,high,M,41,4978,1
F,Flight,2,5,288,6,high,M,25,3922,0
D,Ship,5,1,125,5,high,F,46,5707,1
A,Road,7,4,118,10,high,M,50,4183,1
F,Ship,6,4,305,6,high,M,12,3181,0
D,Ship,7,2,185,2,medium,F,16,4388,1
D,Road,4,5,129,2,medium,F,48,1692,0
F,Road,5,2,107,10,high,M,14,4460,0
C,Ship,7,3,206,2,low,M,48,4869,1
A,Ship,6,2,113,9,high,M,47,3573,1
C,Ship,7,2,180,8,low,F,3,3995,1
A,Flight,3,3,308,4,medium,M,64,3895,0
D,Road,3,4,275,6,low,M,54,2718,1
C,Ship,2,1,139,5,medium,M,28,3316,1
B,Road,4,4,197,6,low,F,24,4277,0
C,Road,3,5,131,5,high,F,24,3961,1
C,Road,3,4,151,9,medium,F,64,2575,0
A,Road,6,4,269,6,high,F,23,2294,1
C,Flight,5,5,197,9,high,F,60,4915,0
F,Ship,3,4,219,8,medium,F,3,1947,0
B,Road,6,1,134,2,low,F,36,3537,0
A,Ship,2,1,104,9,medium,M,4,4684,0
A,Road,7,3,282,10,medium,F,3,1237,0
C,Road,7,1,186,6,high,F,23,3801,1
A,Flight,6,3,155,6,medium,M,38,5712,1
F,Road,5,4,213,9,medium,M,49,1242,1
C,Road,4,2,120,6,high,F,36,2588,1
D,Ship,7,4,272,5,low,M,9,4861,0
F,Road,6,1,158,6,medium,F,18,4606,0
C,Road,4,1,251,7,low,M,41,1859,1
B,Ship,2,5,213,8,high,M,19,4042,0
B,Road,6,4,139,5,low,M,63,3014,1
C,Ship,7,2,146,6,low,M,44,5803,1
A,Road,3,4,200,6,low,F,44,2372,1
F,Road,7,5,170,2,medium,M,55,4661,0
F,Road,6,5,269,3,medium,M,55,5273,0
F,Road,3,3,100,6,medium,F,15,3883,0
C,Road,6,1,309,7,low,F,41,1113,1
C,Ship,3,1,196,9,medium,M,57,4438,0
C,Ship,6,3,149,3,medium,M,3,1354,1
B,Ship,2,2,255,4,medium,F,2,5174,1
D,Ship,2,3,118,7,low,M,28,4656,0
A,Ship,3,3,298,8,low,F,16,5695,1
D,Flight,3,3,228,5,medium,M,20,3531,0
C,Ship,7,4,170,9,medium,M,28,1056,0
A,Ship,4,4,304,10,medium,F,38,2133,0
D,Flight,3,2,278,4,medium,F,39,3707,0
C,Ship,5,1,229,3,low,F,60,4974,1
D,Ship,4,2,268,4,low,F,31,4936,0
D,Flight,4,4,126,8,low,M,8,3930,1
A,Flight,2,2,173,9,medium,M,4,3388,1
C,Road,7,4,192,3,high,F,36,3157,0
A,Flight,6,4,164,8,medium,F,18,4095,0
F,Flight,2,1,282,4,low,F,2,2846,0
F,Road,2,2,103,4,medium,M,38,1487,0
A,Ship,7,4,211,9,low,F,56,4310,0
A,Ship,6,4,304,6,medium,M,28,3117,1
A,Flight,3,2,271,3,high,M,6,3581,0
C,Road,6,3,133,9,high,F,51,4283,1
C,Flight,4,4,162,3,low,F,57,2959,0
B,Ship,3,1,208,10,high,M,4,1178,0
F,Ship,5,1,101,9,low,M,18,5813,1
A,Flight,5,5,190,2,high,M,37,3435,1
F,Flight,6,4,257,8,low,F,56,4751,1
D,Road,2,1,194,9,low,M,3,5801,0
F,Flight,4,2,106,4,high,F,52,3518,0
A,Flight,7,2,293,6,high,F,51,1542,0
A,Ship,5,5,308,9,low,F,60,1975,0
F,Road,5,4,170,9,high,F,36,2478,0
C,Road,6,2,189,4,low,M,49,3977,1
A,Road,7,1,279,9,high,F,39,2478,1
A,Ship,5,4,299,10,medium,M,23,5086,0
F,Ship,2,2,126,9,medium,F,12,4020,1
F,Ship,3,4,275,8,low,F,39,4463,1
C,Ship,7,1,243,8,low,F,37,4081,1
D,Road,5,2,259,9,medium,F,37,4084,0
C,Road,2,4,143,9,medium,M,59,4478,0
F,Ship,5,2,147,3,medium,F,19,5202,1
C,Flight,6,3,170,7,low,M,14,3737,0
F,Road,6,3,200,8,low,M,18,2841,0
B,Ship,3,1,120,9,medium,F,8,3452,0
D,Road,2,4,103,2,low,F,4,4212,0
D,Road,4,3,110,6,low,M,55,3282,1
B,Flight,6,1,171,6,high,M,13,4898,1
C,Flight,6,2,127,3,medium,F,63,1181,1
C,Road,5,3,157,6,medium,M,64,4965,1
C,Ship,2,4,159,7,high,F,22,5548,0
D,Road,7,4,119,2,low,M,31,4389,1
C,Flight,2,4,214,9,low,M,55,3718,1
C,Flight,6,5,262,5,low,M,39,3623,1
B,Road,4,4,154,4,low,M,59,4361,1
F,Flight,5,2,241,2,high,M,48,5887,1
B,Flight,4,2,180,8,low,M,60,2956,0
C,Road,6,5,119,2,low,F,5,3827,1
D,Ship,6,2,289,8,high,F,58,3452,0
D,Ship,7,2,119,3,low,F,27,5313,0
A,Ship,4,1,174,5,high,F,46,1944,1
D,Flight,6,3,224,8,low,F,16,2176,0
F,Flight,4,1,141,6,medium,M,63,4773,0
A,Road,7,2,90,10,medium,M,39,4766,1
F,Flight,2,2,134,5,medium,M,18,1105,1
A,Ship,7,5,121,3,medium,M,26,4229,1
C,Ship,2,4,165,5,high,M,31,2847,1
D,Road,2,4,195,4,low,F,57,1295,1
D,Road,2,3,275,4,high,M,49,1761,1
D,Road,4,2,294,8,low,F,57,3294,0
C,Road,7,2,258,8,low,M,26,4983,1
C,Flight,6,2,145,10,low,F,64,3492,1
B,Road,7,4,217,3,high,F,49,5333,1
A,Road,4,5,293,2,high,M,62,4595,1
C,Road,3,5,93,8,low,F,3,3496,1
D,Road,6,3,115,4,medium,F,22,5466,0
F,Flight,3,1,160,10,low,F,61,3566,1
A,Road,3,1,247,9,medium,M,12,5492,1
A,Ship,4,3,221,6,low,M,9,1969,1
A,Road,2,3,139,2,high,M,4,4855,0
F,Ship,4,4,100,3,low,M,37,3423,0
A,Ship,7,2,131,2,medium,F,31,3734,1
F,Road,5,4,178,10,low,M,12,2021,0
D,Road,5,4,205,4,high,F,55,2157,1
A,Ship,7,3,145,10,high,M,44,5828,1
A,Flight,5,5,128,4,medium,F,29,1283,1
D,Ship,3,1,121,8,low,M,49,4594,1
B,Ship,5,3,158,8,high,F,6,1116,0
A,Ship,3,4,180,4,high,M,44,2147,1
C,Flight,4,2,304,3,low,M,53,3157,1
F,Ship,7,2,114,8,medium,M,16,1690,1
D,Road,3,1,99,10,high,F,17,3993,1
F,Flight,6,2,193,5,low,F,60,1190,0
A,Flight,5,2,203,3,medium,M,7,2857,0
F,Road,4,4,132,4,high,M,48,4959,0
B,Flight,2,2,267,2,medium,F,1,2431,1
B,Ship,5,2,145,7,high,M,2,4678,1
C,Ship,5,2,275,6,medium,M,23,4642,0
F,Flight,3,3,277,8,low,F,30,5208,1
C,Ship,5,5,281,4,medium,M,33,3930,0
D,Flight,2,4,247,2,medium,F,47,3150,0
B,Ship,5,4,247,2,low,M,32,2631,1
A,Road,4,1,232,6,medium,F,52,2055,1
A,Road,2,4,115,4,high,M,43,3861,1
D,Flight,5,3,245,5,low,M,7,5926,0
C,Road,7,5,257,5,low,F,19,3238,0
C,Road,7,5,273,3,low,M,23,1476,1
C,Ship,7,5,192,3,medium,F,63,2496,1
C,Road,4,3,233,10,medium,M,54,3780,0
D,Road,4,3,230,2,low,F,10,4797,0
F,Road,5,2,167,6,medium,M,60,5268,0
F,Flight,4,1,154,4,medium,F,19,1033,1
F,Flight,7,4,190,3,medium,F,56,2907,0
F,Ship,7,1,122,7,high,M,64,1360,0
A,Road,7,1,187,6,medium,F,64,3584,1
A,Road,5,3,296,3,low,M,17,1487,1
B,Flight,6,5,207,5,medium,F,17,1304,1
